Date,Power_from_gas_engine,Daily_NEA,Total_Power,Total_power_per_ML,Raw_sew_flow,Raw_sew_com_pH,Raw_sew_com_BOD,Raw_sew_com_COD,Raw_sew_com_TSS,Raw_sew_com_N,Raw_sew_com_OG,Raw_sew_pH,Raw_sew_BOD,Raw_sew_COD,Raw_sew_TSS,Raw_sew_TP,Raw_sew_TColi,Raw_sew_FColi,Grit_TSS,PST_pH,PST_TSS,PST_BOD,PST_COD,PST_Sludge,SC_pH,SC_TSS,SC_BOD,SC_COD,SC_RAS,SST_pH,SST_TSS,SST_BOD,SST_CODRaw_sew,SST_RAS,CCT_com_pH,CCT_com_BOD,CCT_com_COD,CCT_com_TSS,CCT_com_OG,CCT_com_N,CCT_pH,CCT_BOD,CCT_COD,CCT_TSS,CCT_TColi,CCT_FColi,CCT_FRC,Existing_AT_pH,Existing_AT_DO,Existing_AT_MLSS,Existing_AT_MLVSS,Existing_AT_SV30,Existing_AT_SVI,New_AT_pH,New_AT_DO,New_AT_MLSS,New_AT_MLVSS,New_AT_SV30,New_AT_SVI
2023-01-01,1.3,10.93,12.23,630.737493553378,19.39,7.01,419.5,679.0,470.0,75.6,85.0,7.04,449.0,749.0,495.0,,56000000.0,35000000.0,590.0,6.92,470.0,389.0,549.0,272.0,6.75,19.0,12.8,45.0,9660.0,6.81,16.0,12.2,63.0,11710.0,7.3,9.4,56.0,13.3,5.0,14.0,7.01,8.3,42.0,12.6,660.0,370.0,0.2,6.655,1.015,5455.0,3395.0,630.0,114.97101429782,6.72,1.215,6430.0,3875.0,795.0,124.156927604616
2023-01-02,1.1,12.34,13.44,678.308266882003,19.814,7.14,494.0,581.0,520.0,72.8,43.0,7.39,569.5,773.0,665.0,,48000000.0,23000000.0,790.0,7.13,1685.0,404.5,504.0,269.0,6.98,20.0,16.3,59.0,8800.0,7.0,23.0,15.7,52.0,11210.0,7.15,9.2,63.0,12.3,3.5,16.8,7.19,9.1,49.0,14.0,880.0,450.0,0.5,7.535,1.015,6145.0,3845.0,690.0,111.946944877382,7.46,0.825,7015.0,4205.0,825.0,117.980378890392
2023-01-03,1.3,11.19,12.49,723.428902403707,17.265,7.0,434.1,679.0,510.0,86.8,106.0,7.06,509.0,658.0,610.0,,58000000.0,11000000.0,650.0,7.02,1230.0,464.0,553.0,247.0,6.79,25.0,18.2,84.0,9170.0,6.82,16.0,12.8,77.0,15620.0,7.35,9.0,52.0,12.0,9.0,14.0,7.02,7.4,56.0,14.6,900.0,220.0,0.5,6.595,1.005,6105.0,3480.0,635.0,102.516049874345,6.695,0.99,7320.0,4215.0,835.0,114.499217600705
2023-01-04,1.2,10.61,11.81,696.755162241888,16.95,7.01,359.0,861.0,370.0,47.6,69.0,7.24,449.1,780.0,580.0,,69000000.0,31000000.0,425.0,7.05,720.0,524.1,430.0,272.0,7.01,22.0,16.5,91.0,6770.0,7.03,24.0,16.5,98.0,8180.0,7.35,7.7,59.0,11.67,8.5,19.6,7.15,9.6,56.0,11.0,970.0,550.0,0.2,6.675,0.93,5880.0,3705.0,705.0,120.905425466812,6.865,0.85,7325.0,4965.0,870.0,118.85199964132
2023-01-05,1.3,11.12,12.42,711.95184866724,17.445,6.89,373.7,780.0,575.0,53.4,76.0,7.3,494.0,857.0,515.0,,52000000.0,29000000.0,705.0,7.2,330.0,299.0,318.0,263.0,7.15,20.0,15.8,63.0,9010.0,7.12,26.0,17.0,87.0,7830.0,7.73,9.8,56.0,13.0,5.5,22.4,7.34,6.5,38.0,12.4,910.0,470.0,0.2,6.785,0.69,6055.0,3895.0,875.0,144.093321744644,6.95,0.57,7545.0,4915.0,870.0,115.339808895933
2023-01-06,1.3,12.53,13.83,718.478882019845,19.249,7.03,509.2,784.0,530.0,64.4,46.5,6.66,538.7,707.0,640.0,,44000000.0,17000000.0,455.0,7.1,1665.0,358.7,672.0,288.0,7.1,24.0,17.9,80.0,9720.0,7.15,23.0,14.3,80.0,7970.0,7.42,6.7,66.0,9.6,5.5,22.4,7.12,9.2,63.0,14.0,890.0,210.0,0.2,7.035,0.565,6015.0,4080.0,735.0,121.933621933622,6.99,1.225,7045.0,4780.0,885.0,125.634282489974
2023-01-07,1.4,14.62,16.02,902.077819697055,17.759,7.29,539.1,679.0,665.0,58.0,43.5,6.91,614.2,899.0,825.0,,51000000.0,21000000.0,715.0,6.99,655.0,464.2,654.0,386.0,6.99,9.0,7.6,73.0,10340.0,7.09,12.0,9.4,91.0,15620.0,7.03,6.3,42.0,8.3,5.0,10.0,7.21,6.4,49.0,7.0,770.0,180.0,0.5,7.08,0.9,5890.0,3655.0,805.0,136.610816530718,6.935,0.865,6625.0,4095.0,825.0,124.5528084767
2023-01-08,0.8,15.29,16.09,923.226991048887,17.428,7.05,509.0,791.0,580.0,52.0,63.5,7.53,569.1,787.0,670.0,,42000000.0,10000000.0,415.0,7.49,1080.0,449.1,560.0,370.0,6.43,13.0,11.1,66.0,9660.0,6.51,16.0,11.7,80.0,14570.0,6.88,7.1,56.0,8.7,6.5,8.0,6.4,6.3,49.0,7.0,640.0,,0.5,6.94,1.1,6050.0,3980.0,820.0,135.54,6.745,1.155,6865.0,4340.0,850.0,123.926967986374
2023-01-09,2.0,15.22,17.22,996.009023078258,17.289,7.19,449.3,650.0,550.0,82.0,66.5,7.27,479.0,801.0,510.0,,58000000.0,23000000.0,420.0,7.24,245.0,239.0,462.0,268.0,6.34,15.0,12.2,63.0,7530.0,6.26,26.0,15.2,56.0,11220.0,6.94,6.8,74.0,8.0,4.5,10.0,6.47,7.1,49.0,9.6,560.0,200.0,0.5,6.41,1.04,6170.0,3635.0,825.0,133.731443710837,6.485,1.06,6780.0,3730.0,820.0,120.991139339763
2023-01-10,1.6,11.15,12.75,900.423728813559,14.16,7.04,509.0,819.0,520.0,108.0,58.5,7.15,524.3,759.0,660.0,,46000000.0,11000000.0,520.0,7.11,960.0,344.3,458.0,280.0,6.54,15.0,11.9,70.0,10160.0,6.69,24.0,13.7,80.0,15420.0,7.11,7.7,56.0,9.4,3.5,24.0,6.81,7.1,66.0,9.6,,,0.2,6.73,1.025,6150.0,3725.0,860.0,140.295874338428,6.465,1.065,6740.0,4135.0,800.0,119.552127505648
2023-01-11,1.6,14.9,16.5,959.413885335504,17.198,7.01,629.1,1235.0,935.0,94.0,56.0,7.02,614.0,1326.0,1160.0,,59000000.0,31000000.0,640.0,7.0,1195.0,479.0,742.0,262.0,6.84,27.0,20.6,108.0,10240.0,6.79,30.0,23.0,98.0,13800.0,7.09,7.5,73.0,9.3,4.5,36.0,6.99,8.3,66.0,8.7,990.0,260.0,0.2,6.455,1.03,6650.0,4095.0,840.0,126.492680283584,6.56,1.075,6570.0,4130.0,760.0,115.440115440115
2023-01-12,1.5,13.83,15.33,906.993255236067,16.902,7.08,434.1,766.0,460.0,84.0,89.0,7.09,614.1,969.0,645.0,,9000000.0,4000000.0,410.0,6.99,1515.0,404.1,535.0,505.0,6.78,31.0,17.1,101.0,10170.0,6.81,25.0,17.7,119.0,11660.0,7.14,7.5,49.0,10.3,36.0,4.5,7.05,8.4,66.0,9.6,,,0.2,6.575,0.95,6570.0,4180.0,825.0,125.878808168731,6.595,0.95,6555.0,4320.0,750.0,114.965443912812
2023-01-13,1.8,14.59,16.39,872.551107325383,18.784,7.23,524.3,780.0,550.0,98.0,101.0,7.01,479.1,742.0,585.0,,18000000.0,13000000.0,550.0,6.87,810.0,434.1,553.0,227.0,6.88,21.0,15.9,108.0,10760.0,6.82,26.0,16.5,98.0,12620.0,7.19,6.5,59.0,8.3,5.5,44.0,7.47,8.1,66.0,13.6,240.0,60.0,0.2,6.895,0.895,6610.0,4155.0,815.0,123.308747883429,6.545,0.99,7175.0,4600.0,830.0,115.801738033499
2023-01-14,1.7,13.37,15.07,794.202898550725,18.975,7.1,434.2,1014.0,790.0,90.0,95.0,7.33,524.3,840.0,680.0,,14000000.0,5000000.0,580.0,7.08,865.0,509.3,486.0,265.0,6.65,25.0,12.5,45.0,10580.0,6.88,23.0,13.1,63.0,17450.0,7.12,5.2,45.0,8.3,5.5,28.0,6.83,7.1,49.0,8.0,330.0,80.0,0.5,7.575,0.96,6475.0,3675.0,795.0,122.968768696901,7.36,0.865,7060.0,4520.0,770.0,109.252095422308
2023-01-15,1.6,13.68,15.28,789.133915199091,19.363,6.78,418.9,983.0,700.0,68.0,102.0,7.08,524.2,941.0,710.0,,10000000.0,8000000.0,560.0,7.0,675.0,239.2,581.0,315.0,6.82,13.0,9.4,84.0,9570.0,6.89,25.0,11.2,98.0,13620.0,7.08,7.0,31.0,9.0,14.0,9.5,6.92,4.9,66.0,8.6,210.0,30.0,0.5,6.625,0.915,6525.0,3620.0,805.0,124.174815756277,6.715,0.84,7015.0,4390.0,835.0,119.121222858958
2023-01-16,1.6,13.57,15.17,861.980794363316,17.599,7.02,449.1,1004.0,490.0,72.0,63.0,7.08,478.9,1014.0,510.0,,52000000.0,28000000.0,695.0,7.0,590.0,358.9,528.0,241.0,6.42,28.0,14.5,91.0,10600.0,6.62,21.0,14.5,63.0,15780.0,7.09,5.4,49.0,8.7,11.5,20.0,6.69,6.7,52.0,8.4,660.0,240.0,0.2,6.285,0.84,6955.0,4390.0,825.0,118.553637545868,6.42,0.875,7700.0,4735.0,850.0,110.479912052431
2023-01-17,1.8,13.09,14.89,791.221637706573,18.819,7.13,433.9,892.0,555.0,64.0,65.5,7.14,494.1,1039.0,650.0,,41000000.0,19000000.0,510.0,7.04,365.0,329.1,703.0,257.0,6.42,27.0,12.7,98.0,14130.0,6.71,20.0,11.7,136.0,15520.0,7.09,5.5,38.0,8.7,8.0,22.0,6.82,6.0,63.0,9.0,710.0,200.0,0.5,6.725,0.755,6615.0,4035.0,855.0,130.12729844413,6.795,0.555,7560.0,4575.0,840.0,111.377894546685
2023-01-18,1.9,13.7,15.6,775.772042369088,20.109,7.03,559.1,895.0,470.0,70.0,75.0,7.29,478.9,993.0,575.0,,30000000.0,11000000.0,685.0,7.19,1000.0,328.9,682.0,271.0,6.79,19.0,12.1,108.0,12850.0,6.86,10.0,9.7,161.0,16420.0,7.13,7.0,80.0,8.0,15.0,16.0,7.02,5.2,52.0,8.2,610.0,,0.2,6.92,0.625,6470.0,5050.0,895.0,138.330757341577,6.97,0.37,7480.0,5745.0,905.0,120.984118812164
2023-01-19,1.8,14.64,16.44,953.540977901514,17.241,6.78,659.4,1210.0,775.0,78.0,105.0,7.09,779.1,1539.0,1080.0,,44000000.0,23000000.0,625.0,7.22,1050.0,599.1,1504.0,262.0,6.91,25.0,15.1,122.0,12280.0,6.84,14.0,13.1,168.0,14900.0,7.12,7.7,59.0,8.7,8.0,14.0,6.98,6.6,63.0,8.6,810.0,,0.2,6.895,0.61,7085.0,5240.0,895.0,126.328743099703,6.925,0.82,7160.0,5540.0,885.0,123.611111111111
2023-01-20,1.7,14.57,16.27,983.913884857281,16.536,6.99,599.4,1014.0,905.0,84.0,104.5,6.95,569.4,1203.0,600.0,,58000000.0,44000000.0,485.0,7.02,490.0,509.4,920.0,282.0,6.49,25.0,16.4,56.0,11630.0,6.87,14.0,12.4,52.0,17180.0,7.21,6.9,38.0,8.0,14.0,8.0,7.09,8.0,38.0,9.6,770.0,330.0,0.5,6.42,0.62,7325.0,4520.0,845.0,116.004615378833,6.62,0.645,8200.0,5070.0,830.0,101.303087293894
2023-01-21,1.9,13.91,15.81,840.063761955367,18.82,7.2,779.1,1067.0,800.0,74.0,85.5,7.06,359.4,1158.0,460.0,,52000000.0,31000000.0,675.0,7.0,365.0,329.4,892.0,245.0,6.68,18.0,12.4,56.0,9540.0,6.77,11.0,10.4,70.0,17090.0,7.48,6.6,73.0,8.7,9.0,8.0,7.03,7.3,63.0,9.8,540.0,200.0,0.5,6.515,0.64,6715.0,4600.0,850.0,126.713821789226,6.65,0.48,8370.0,6005.0,875.0,104.56290051746
2023-01-22,1.7,14.17,15.87,849.162609021349,18.689,7.3,719.3,1133.0,760.0,100.0,131.0,7.65,689.1,1126.0,720.0,,49000000.0,20000000.0,640.0,7.43,535.0,599.1,972.0,252.0,7.05,14.0,14.1,101.0,11340.0,7.03,18.0,16.1,115.0,18090.0,7.19,6.1,79.0,8.0,9.0,23.0,7.29,7.0,66.0,8.6,340.0,,0.5,6.36,0.495,6955.0,4120.0,875.0,125.823317084062,6.795,0.57,7905.0,4860.0,865.0,109.452127148756
2023-01-23,1.7,14.69,16.39,903.876909502013,18.133,7.22,419.3,1174.0,450.0,100.8,22.4,7.72,569.3,1210.0,660.0,,30000000.0,16000000.0,795.0,7.12,1370.0,539.3,966.0,243.0,6.97,19.0,14.3,100.0,10800.0,6.94,19.0,17.3,113.0,18837.0,7.23,7.9,92.0,8.7,7.5,22.4,7.0,6.1,84.0,8.4,450.0,100.0,0.5,6.52,0.59,6985.0,4515.0,855.0,122.986315607137,6.775,0.645,8170.0,5275.0,885.0,108.367509683299
2023-01-24,1.7,11.58,13.28,801.013330116412,16.579,7.3,404.3,1076.0,625.0,63.8,92.5,7.48,569.3,1190.0,585.0,,64000000.0,20000000.0,520.0,7.19,745.0,569.3,1151.0,240.0,6.96,26.0,20.3,97.0,8500.0,6.94,26.0,17.3,89.0,15590.0,7.09,5.0,84.0,10.0,6.5,16.2,7.03,7.6,87.0,9.0,520.0,200.0,0.2,6.57,0.57,6370.0,4060.0,815.0,128.030168326221,6.505,0.475,8285.0,5420.0,890.0,107.44102294929
2023-01-25,1.5,13.23,14.73,921.258365126024,15.989,6.98,659.0,767.0,725.0,74.5,47.0,7.18,359.3,1143.0,680.0,,47000000.0,14000000.0,575.0,7.11,1110.0,344.3,978.0,367.0,6.77,28.0,7.7,120.0,10580.0,6.78,14.0,10.7,110.0,14750.0,7.12,7.6,77.0,9.3,3.5,17.4,6.96,4.4,89.0,9.4,480.0,100.0,0.6,6.52,0.92,5850.0,3180.0,705.0,120.791788856305,6.545,0.63,7675.0,4865.0,875.0,114.085464276612
2023-01-26,1.7,14.65,16.35,779.722447422385,20.969,6.98,449.1,1438.0,690.0,89.6,91.5,7.26,569.0,940.0,695.0,,39000000.0,21000000.0,495.0,7.05,700.0,539.0,752.0,243.0,6.81,32.0,19.0,110.0,7950.0,6.83,19.0,16.0,156.0,14310.0,6.94,9.1,87.0,13.7,4.5,12.3,6.83,7.3,84.0,9.4,400.0,,0.2,6.725,1.015,5610.0,3710.0,680.0,120.821710330812,6.715,0.875,7240.0,3660.0,805.0,111.349390903262
2023-01-27,1.7,14.66,16.36,908.888888888889,18.0,6.99,479.2,965.0,740.0,89.6,59.0,6.98,539.1,1483.0,685.0,,33000000.0,17000000.0,670.0,7.1,740.0,599.1,1364.0,258.0,6.31,27.0,23.1,91.0,8750.0,6.43,35.0,18.1,59.0,14600.0,6.91,8.2,59.0,11.7,10.5,12.3,6.53,11.1,52.0,15.4,340.0,100.0,0.2,6.52,1.005,5830.0,3455.0,550.0,93.5588820935856,6.685,0.69,7105.0,4285.0,665.0,93.6364323146536
2023-01-28,1.7,15.51,17.21,1066.29491945477,16.14,7.1,539.0,824.0,650.0,62.2,75.5,7.13,479.2,1014.0,650.0,,40000000.0,22000000.0,570.0,7.05,980.0,449.2,979.0,244.0,6.63,27.0,21.2,77.0,7930.0,6.69,28.0,17.2,112.0,12320.0,6.94,7.0,97.0,9.0,9.0,12.9,6.85,8.2,91.0,11.0,250.0,100.0,0.2,6.635,0.965,5600.0,3125.0,675.0,123.54237621274,6.525,0.57,6555.0,3810.0,705.0,107.429273373533
2023-01-29,1.7,11.9,13.6,810.681926561755,16.776,6.94,419.3,680.0,510.0,64.4,76.5,7.02,449.0,718.0,480.0,,37000000.0,11000000.0,400.0,6.94,783.0,569.0,905.0,222.0,6.74,26.0,22.0,169.0,8510.0,6.68,26.0,20.0,126.0,14130.0,6.94,7.3,48.0,8.0,8.5,17.9,6.92,8.0,87.0,8.2,300.0,,0.5,6.715,0.965,5890.0,3725.0,720.0,121.075005823433,6.61,0.8,6720.0,4330.0,760.0,112.848857438561
2023-01-30,1.2,12.37,13.57,750.553097345133,18.08,7.05,509.0,967.0,530.0,65.0,44.5,6.96,509.3,1025.0,620.0,,24000000.0,17000000.0,595.0,6.94,1063.0,659.3,1150.0,254.0,6.8,32.0,17.3,41.0,10340.0,6.77,16.0,14.3,64.0,14250.0,6.98,8.0,98.0,8.7,8.0,8.4,6.96,7.3,71.0,7.6,400.0,100.0,0.2,6.52,1.015,5685.0,3820.0,765.0,134.287090858226,6.6,0.865,6450.0,4420.0,805.0,124.759615384615
2023-01-31,2.1,6.45,8.55,836.022293927838,10.227,,,,,,,,,,,,,,,,,,,212.0,,,,,,,,,,,,,,,,,,,,,,,,6.465,4.825,5750.0,4265.0,755.0,131.14406779661,6.475,3.395,6525.0,4270.0,715.0,109.569365628171
2023-02-01,1.7,14.12,15.82,830.359017425992,19.052,7.18,538.9,979.0,725.0,54.9,57.5,7.05,449.1,965.0,560.0,,,,745.0,6.94,900.0,569.1,940.0,243.0,6.49,31.0,15.1,97.0,9890.0,6.54,13.0,11.1,87.0,12360.0,7.06,7.9,64.0,9.0,5.5,14.0,6.56,8.1,64.0,9.2,600.0,0.0,0.2,6.5,1.055,5870.0,3395.0,595.0,101.279175190627,6.46,0.9,6435.0,3905.0,700.0,108.758031012995
2023-02-02,1.7,14.49,16.19,927.103017809082,17.463,7.09,449.2,783.0,550.0,48.2,75.0,7.03,478.9,1098.0,590.0,,45000000.0,23000000.0,530.0,7.09,835.0,508.9,1057.0,248.0,6.71,14.0,11.9,106.0,9430.0,6.59,15.0,12.9,69.0,14900.0,7.22,6.2,59.0,8.0,8.0,12.3,6.98,7.9,91.0,9.6,520.0,100.0,0.2,6.5,0.985,5845.0,4110.0,630.0,107.691474284643,6.52,0.775,6355.0,3935.0,700.0,110.138959733372
2023-02-03,1.8,13.82,15.62,831.86877562976,18.777,6.99,538.9,1076.0,650.0,55.4,68.5,7.21,689.2,1143.0,945.0,,52000000.0,18000000.0,465.0,7.01,660.0,419.2,979.0,287.0,6.71,21.0,12.2,64.0,15860.0,6.8,11.0,9.2,71.0,11900.0,7.09,6.9,71.0,7.3,8.5,14.0,7.19,7.2,64.0,8.6,300.0,0.0,0.5,6.505,0.94,5880.0,3215.0,625.0,106.260196466382,6.53,0.805,6305.0,4805.0,695.0,110.153777254452
2023-02-04,2.1,13.32,15.42,846.833983195123,18.209,7.12,659.0,1037.0,800.0,67.2,55.0,7.11,628.9,1014.0,960.0,,56000000.0,27000000.0,,7.02,1010.0,478.9,1057.0,294.0,6.91,14.0,12.9,87.0,12370.0,6.79,14.0,10.9,97.0,13360.0,7.68,8.0,52.0,9.7,3.5,13.4,6.93,6.9,69.0,8.6,540.0,180.0,0.2,6.505,0.955,5860.0,3655.0,660.0,112.621625006189,6.58,0.795,6080.0,4555.0,740.0,121.683331169112
2023-02-05,1.9,13.71,15.61,886.025655579521,17.618,7.4,389.5,916.0,475.0,75.0,65.0,7.48,569.0,1032.0,635.0,,45000000.0,22000000.0,590.0,7.2,1666.0,539.0,1001.0,283.0,7.28,20.0,11.0,57.0,10010.0,7.15,15.0,11.0,48.0,14890.0,7.27,6.3,64.0,6.7,6.0,18.5,7.47,7.0,60.0,8.8,0.0,0.0,0.2,6.845,0.745,6085.0,4400.0,790.0,129.871006773765,6.815,0.655,6635.0,4810.0,710.0,107.009485907431
2023-02-06,2.3,13.76,16.06,919.869408328083,17.459,7.11,539.6,943.0,660.0,53.8,52.5,7.37,509.5,960.0,540.0,,55000000.0,31000000.0,545.0,7.29,735.0,299.5,657.0,296.0,7.11,14.0,13.5,50.0,8960.0,7.16,35.0,12.5,74.0,14660.0,7.0,6.4,55.0,8.3,8.5,11.8,7.22,6.3,52.0,9.6,420.0,80.0,0.5,6.775,0.74,5780.0,3650.0,735.0,127.162629757785,6.685,0.77,6660.0,4775.0,745.0,111.860616117163
2023-02-07,1.7,14.05,15.75,917.457913438574,17.167,6.99,569.1,1030.0,610.0,31.4,99.5,7.0,539.6,1003.0,695.0,,61000000.0,19000000.0,765.0,7.0,600.0,359.6,756.0,279.0,6.85,22.0,14.6,72.0,9350.0,7.09,12.0,9.6,73.0,13910.0,6.94,7.7,55.0,10.7,5.5,13.4,7.0,6.4,60.0,9.2,280.0,0.0,0.2,6.635,0.805,5720.0,3100.0,785.0,137.309265076049,6.705,0.845,6660.0,4505.0,760.0,113.990795143411
2023-02-08,2.3,12.24,14.54,798.593947382875,18.207,7.0,479.1,977.0,610.0,47.6,53.5,7.01,599.1,1061.0,660.0,,64000000.0,35000000.0,590.0,6.96,835.0,419.1,1030.0,250.0,6.79,25.0,16.1,62.0,10180.0,6.68,19.0,13.1,57.0,14060.0,7.0,8.1,43.0,9.7,7.5,9.5,6.81,7.4,55.0,8.6,600.0,240.0,0.2,6.68,0.84,5475.0,3330.0,665.0,120.383691440884,6.78,0.965,6380.0,3920.0,735.0,115.218462144722
2023-02-09,1.7,14.33,16.03,727.017098281101,22.049,7.0,568.9,1001.0,645.0,45.9,58.5,7.14,509.1,1073.0,690.0,,52000000.0,25000000.0,605.0,7.0,1050.0,539.1,1001.0,318.0,6.5,11.0,10.1,110.0,9940.0,6.71,23.0,14.1,57.0,14300.0,7.17,8.7,48.0,9.7,4.5,7.3,7.0,7.4,43.0,8.6,0.0,0.0,0.2,6.66,0.78,5740.0,3655.0,745.0,129.716520039101,6.645,0.81,6025.0,3865.0,745.0,124.124395631298
2023-02-10,2.1,13.25,15.35,695.262252015581,22.078,7.19,689.1,998.0,765.0,37.5,55.0,7.2,658.9,977.0,775.0,,44000000.0,35000000.0,870.0,7.0,865.0,688.9,1054.0,335.0,6.8,22.0,16.9,60.0,10170.0,6.85,24.0,15.9,57.0,16050.0,7.04,7.4,52.0,9.3,2.5,6.7,7.07,7.9,38.0,8.6,320.0,100.0,0.5,6.98,0.86,5880.0,3920.0,755.0,128.694316436252,6.79,0.905,6410.0,4380.0,780.0,121.864641052928
2023-02-11,1.7,14.4,16.1,703.763605367837,22.877,6.94,539.0,1030.0,585.0,62.7,64.0,7.14,599.1,965.0,695.0,,23000000.0,11000000.0,750.0,6.97,1520.0,719.1,1032.0,328.0,6.78,17.0,13.1,55.0,10020.0,6.87,19.0,16.1,86.0,16170.0,6.89,8.0,50.0,9.0,6.0,10.6,7.01,7.7,72.0,9.6,350.0,120.0,0.2,6.91,0.7,5870.0,3170.0,765.0,131.317593836149,6.81,0.735,6560.0,3080.0,770.0,117.333655670026
2023-02-12,2.3,13.42,15.72,694.653115333628,22.63,6.96,538.9,972.0,635.0,57.1,58.5,7.07,569.0,1132.0,610.0,,50000000.0,15000000.0,620.0,6.91,1290.0,449.0,1078.0,332.0,6.81,11.0,9.0,45.0,11850.0,6.78,10.0,9.0,64.0,13930.0,7.4,7.2,45.0,8.3,6.0,9.5,6.84,7.6,40.0,8.6,420.0,50.0,0.2,6.805,0.715,6190.0,4080.0,830.0,134.494634494635,6.745,0.805,6760.0,4590.0,815.0,120.425597161225
2023-02-13,1.8,14.01,15.81,715.870500339597,22.085,7.15,569.3,856.0,615.0,59.0,36.4,7.39,628.9,965.0,710.0,,39000000.0,22000000.0,870.0,7.09,855.0,478.9,1020.0,337.0,6.96,12.0,10.9,48.0,9410.0,7.17,18.0,15.9,52.0,15580.0,7.34,7.9,33.0,8.7,5.5,4.5,7.32,8.3,33.0,9.2,550.0,70.0,0.2,6.92,0.75,5915.0,3825.0,840.0,142.627476920422,6.905,0.85,6440.0,4515.0,680.0,105.671569809501
2023-02-14,2.0,13.71,15.71,714.77319259293,21.979,7.09,539.4,909.0,610.0,57.7,70.0,7.2,659.3,836.0,755.0,,30000000.0,1000000.0,795.0,7.02,840.0,479.3,495.0,301.0,7.05,12.0,11.3,38.0,11580.0,7.01,21.0,18.3,43.0,15810.0,7.6,7.3,38.0,9.3,5.0,10.6,7.26,7.9,38.0,8.2,0.0,0.0,0.2,6.895,0.755,5860.0,4140.0,805.0,137.215212747044,6.88,0.84,6640.0,4905.0,725.0,108.90752827904
2023-02-15,1.7,13.51,15.21,715.226182638954,21.266,7.21,569.7,841.0,695.0,39.8,44.5,7.35,599.4,894.0,660.0,,40000000.0,38000000.0,805.0,7.08,2165.0,449.4,507.0,332.0,7.08,15.0,12.4,52.0,9910.0,7.11,16.0,13.4,48.0,14100.0,7.29,7.2,31.0,9.0,7.0,7.8,7.39,6.9,33.0,8.8,140.0,0.0,0.2,6.945,0.75,6195.0,4020.0,805.0,129.918354529754,6.88,0.83,6775.0,4740.0,745.0,109.831892850761
2023-02-16,2.6,12.09,14.69,681.797085305857,21.546,6.91,629.2,756.0,655.0,59.9,54.0,7.13,599.7,1006.0,925.0,,53000000.0,25000000.0,970.0,7.1,545.0,389.7,754.0,324.0,7.12,9.0,8.7,40.0,9970.0,7.06,16.0,13.7,45.0,15290.0,7.36,6.0,50.0,9.7,7.0,8.4,7.36,7.2,40.0,8.6,350.0,110.0,0.5,6.915,0.69,5755.0,3985.0,615.0,107.884231536926,6.875,0.57,7070.0,4810.0,640.0,90.5418626566336
2023-02-17,2.1,14.06,16.16,694.158075601375,23.28,7.05,688.9,1109.0,755.0,54.3,75.5,7.12,659.2,846.0,720.0,,35000000.0,29000000.0,715.0,7.09,1045.0,569.2,802.0,396.0,6.96,12.0,10.2,62.0,9850.0,6.96,16.0,14.2,79.0,17290.0,7.24,6.0,62.0,8.7,6.5,9.5,7.09,6.3,38.0,9.6,650.0,100.0,0.2,6.47,0.805,6120.0,4275.0,735.0,121.29796860995,6.59,0.68,7415.0,5425.0,535.0,72.1381267738884
2023-02-18,1.5,14.72,16.22,651.51028277635,24.896,6.91,628.9,938.0,670.0,33.0,66.0,,,,,,31000000.0,23000000.0,,,,,,271.0,,,,,,,,,,,7.43,6.8,40.0,7.0,8.5,7.3,,,,,620.0,110.0,0.2,,,,,,,,,,,,
2023-02-19,2.0,14.11,16.11,788.893785808726,20.421,7.2,599.7,969.0,660.0,53.8,61.0,7.12,718.9,1030.0,870.0,,46000000.0,34000000.0,430.0,7.09,330.0,298.9,614.0,235.0,6.83,13.0,10.9,57.0,10340.0,6.96,16.0,11.9,48.0,13580.0,7.3,6.5,40.0,8.3,7.5,9.0,7.08,6.4,52.0,8.6,550.0,0.0,0.5,6.895,0.885,6645.0,4615.0,825.0,124.092947411333,6.935,0.7,7165.0,5140.0,655.0,91.5247036998063
2023-02-20,1.6,13.84,15.44,644.138506466416,23.97,6.96,719.0,1001.0,845.0,35.3,57.0,7.03,629.7,1064.0,855.0,,37000000.0,40000000.0,855.0,7.06,855.0,449.7,979.0,151.0,7.08,24.0,15.7,48.0,10360.0,6.99,16.0,12.7,50.0,17940.0,7.41,7.3,52.0,8.7,8.0,11.8,7.12,6.1,38.0,8.6,450.0,0.0,0.5,6.82,0.94,6625.0,4550.0,790.0,119.168068107758,6.925,0.745,7675.0,5190.0,760.0,98.9588821324052
2023-02-21,2.1,12.27,14.37,758.671664642838,18.941,7.05,539.2,979.0,655.0,31.4,79.0,7.1,749.0,1083.0,790.0,,39000000.0,5000000.0,840.0,6.96,1010.0,569.0,982.0,300.0,6.86,23.0,17.0,57.0,11000.0,6.96,19.0,15.0,62.0,15470.0,7.0,7.8,52.0,8.3,4.0,11.8,7.05,7.3,48.0,9.2,560.0,160.0,0.2,6.875,0.98,6435.0,3690.0,735.0,114.196189234224,6.82,0.78,7395.0,4345.0,755.0,102.343349681575
2023-02-22,2.3,5.09,7.39,1221.89153439153,6.048,,,,,,,,,,,,,,,,,,,288.0,,,,,,,,,,,,,,,,,,,,,,,,,,,,,,,,,,,
2023-02-23,2.2,10.91,13.11,579.063604240283,22.64,7.11,748.9,982.0,780.0,23.5,66.0,7.31,719.1,1105.0,850.0,,50000000.0,22000000.0,895.0,6.96,1690.0,659.1,969.0,264.0,6.81,18.0,13.1,57.0,12040.0,6.96,20.0,15.1,67.0,15930.0,7.21,9.0,57.0,11.3,3.5,6.7,7.05,8.1,48.0,11.6,520.0,200.0,0.5,6.805,0.975,6215.0,4040.0,665.0,107.402852670934,6.7,0.795,7480.0,5010.0,865.0,115.804914811725
2023-02-24,1.5,13.86,15.36,652.50637213254,23.54,7.24,659.3,948.0,805.0,35.3,57.5,7.04,718.9,1020.0,790.0,,30000000.0,15000000.0,,6.94,515.0,478.9,938.0,331.0,6.83,20.0,14.9,64.0,9030.0,6.88,19.0,12.9,110.0,14880.0,7.28,8.3,33.0,10.3,6.0,10.1,7.0,7.2,50.0,11.4,0.0,0.0,0.5,6.735,0.71,6740.0,,780.0,116.235715507798,6.765,0.615,7530.0,,860.0,114.150522306299
2023-02-25,2.0,13.5,15.5,800.495790941486,19.363,6.8,659.2,1003.0,875.0,64.4,64.0,7.09,629.3,977.0,705.0,,42000000.0,22000000.0,770.0,6.99,690.0,509.3,558.0,301.0,6.91,14.0,11.3,40.0,10510.0,6.93,16.0,13.3,48.0,15260.0,7.43,8.2,48.0,9.3,7.0,14.6,7.02,7.9,26.0,9.4,640.0,120.0,0.5,6.72,0.835,6425.0,4280.0,745.0,115.795960752725,6.76,0.775,7415.0,4990.0,860.0,115.885018563005
2023-02-26,2.0,13.39,15.39,715.148698884758,21.52,6.69,689.5,952.0,775.0,21.8,71.5,7.15,629.2,902.0,805.0,,50000000.0,31000000.0,935.0,6.98,840.0,509.2,1057.0,282.0,6.96,19.0,16.2,72.0,11010.0,6.98,30.0,17.2,118.0,17910.0,7.13,8.5,28.0,9.3,7.0,11.8,7.33,7.1,38.0,8.0,520.0,200.0,0.2,6.695,0.92,6455.0,4150.0,775.0,119.816373558564,6.9,0.665,7795.0,5365.0,840.0,107.855579148355
2023-02-27,2.2,12.59,14.79,787.959509856153,18.77,7.02,629.6,909.0,670.0,49.3,50.5,7.05,659.5,1076.0,720.0,,21000000.0,1000000.0,455.0,6.95,155.0,239.5,674.0,293.0,6.78,29.0,18.5,69.0,8820.0,6.81,28.0,19.5,55.0,17450.0,7.18,7.9,40.0,8.7,7.0,10.1,6.96,8.1,38.0,9.0,450.0,0.0,0.2,6.735,0.905,6370.0,4080.0,825.0,129.520697167756,6.685,0.8,7675.0,5230.0,940.0,122.578190810032
2023-02-28,2.3,11.84,14.14,660.439047174218,21.41,6.77,,950.0,670.0,64.4,50.5,7.11,689.6,1136.0,735.0,,47000000.0,36000000.0,670.0,6.98,1165.0,509.6,1139.0,292.0,6.77,10.0,9.6,52.0,9740.0,6.79,18.0,15.6,50.0,16430.0,7.43,,31.0,8.3,6.5,11.8,7.13,8.2,40.0,9.2,620.0,240.0,0.5,6.71,0.73,6305.0,3965.0,740.0,117.178439973781,6.69,0.575,7480.0,4905.0,850.0,113.720877354116
2023-03-01,2.1,12.24,14.34,687.93475653634,20.845,6.89,689.2,979.0,790.0,32.5,63.5,7.05,659.3,977.0,700.0,,300000000.0,24000000.0,900.0,6.79,1860.0,629.3,742.0,284.0,6.8,16.0,12.3,40.0,11050.0,6.86,17.0,15.3,48.0,14320.0,7.11,8.2,69.0,11.7,3.0,15.7,7.1,8.3,40.0,8.3,660.0,320.0,0.5,6.72,0.8,6260.0,4025.0,875.0,139.798321048321,6.73,0.665,7585.0,5060.0,935.0,123.275232230456
2023-03-02,2.0,12.38,14.38,714.996022275259,20.112,6.72,719.6,894.0,785.0,32.5,79.0,7.04,629.2,1020.0,760.0,,53000000.0,31000000.0,950.0,7.0,1515.0,509.2,938.0,276.0,6.82,21.0,18.2,64.0,12960.0,6.8,26.0,20.2,110.0,14730.0,6.97,8.2,64.0,9.3,9.0,17.9,6.97,8.2,72.0,12.0,800.0,180.0,0.2,6.805,0.71,6595.0,,800.0,121.562809099901,6.785,0.74,7705.0,,925.0,120.056597099399
2023-03-03,1.8,13.18,14.98,719.950016821262,20.807,7.11,629.7,1146.0,725.0,41.4,95.5,7.03,689.6,996.0,755.0,,41000000.0,27000000.0,1075.0,6.9,2350.0,569.6,749.0,301.0,7.09,16.0,13.6,89.0,8970.0,7.07,16.0,14.6,118.0,15790.0,6.98,6.8,79.0,9.7,7.0,9.0,7.39,7.9,48.0,9.2,510.0,120.0,0.2,6.71,0.755,6080.0,3960.0,850.0,139.854729409855,6.745,0.73,6815.0,3985.0,925.0,135.752647585359
2023-03-04,2.0,13.81,15.81,649.734927875724,24.333,7.08,599.5,819.0,650.0,35.8,73.5,7.05,659.7,1020.0,755.0,,34000000.0,1000000.0,740.0,7.01,915.0,539.7,1161.0,300.0,6.82,16.0,14.7,86.0,9460.0,6.78,23.0,15.7,69.0,13640.0,6.98,9.6,48.0,10.3,7.5,9.0,6.94,6.5,48.0,9.6,0.0,0.0,0.5,6.67,0.795,6275.0,3440.0,825.0,131.377123166529,6.71,0.61,7455.0,4190.0,930.0,124.769601843185
2023-03-05,1.8,9.9,11.7,634.834508952795,18.43,7.0,,909.0,670.0,21.8,85.0,7.02,629.5,1020.0,780.0,,38000000.0,20000000.0,780.0,7.0,820.0,539.5,723.0,284.0,6.79,16.0,13.5,118.0,9260.0,6.8,18.0,16.5,169.0,16590.0,7.22,,40.0,8.0,5.0,5.2,6.94,8.9,40.0,9.2,670.0,240.0,0.2,6.68,0.77,5715.0,4725.0,855.0,150.58527143691,6.635,0.745,7360.0,5260.0,955.0,129.91240530303
2023-03-06,2.4,11.22,13.62,942.104170989832,14.457,7.02,599.9,909.0,645.0,31.9,50.5,,,,,,24000000.0,1000000.0,,,,,,283.0,,,,,,,,,,,7.42,10.0,48.0,11.0,4.0,12.9,,,,,450.0,120.0,0.2,,,,,,,,,,,,
2023-03-07,1.8,12.12,13.92,776.265893374972,17.932,7.0,599.6,969.0,785.0,28.0,41.5,7.0,449.9,1136.0,830.0,,44000000.0,3000000.0,695.0,6.98,1660.0,359.9,1076.0,357.0,7.05,19.0,13.9,54.0,8450.0,7.03,13.0,11.9,50.0,12320.0,7.27,8.6,52.0,9.3,4.5,13.4,7.39,9.7,33.0,10.8,0.0,0.0,0.5,6.66,0.87,5745.0,3465.0,770.0,134.085152282726,6.55,0.695,7210.0,4800.0,945.0,131.067344834485
2023-03-08,1.8,10.47,12.27,594.505547749407,20.639,7.12,539.4,977.0,700.0,54.3,65.5,7.08,569.6,977.0,705.0,,57000000.0,29000000.0,680.0,7.0,1420.0,779.6,614.0,383.0,6.9,15.0,13.4,48.0,9756.0,6.92,18.0,14.0,57.0,11660.0,7.19,7.7,44.0,8.0,6.0,11.8,7.14,7.9,40.0,8.4,0.0,0.0,0.2,6.66,0.8,5965.0,3215.0,785.0,131.597517022676,6.595,0.565,7400.0,4595.0,850.0,114.811223064153
2023-03-09,1.6,9.51,11.11,609.401568756514,18.231,6.9,389.6,1061.0,570.0,42.6,49.5,7.01,569.4,1006.0,720.0,,47000000.0,33000000.0,570.0,7.03,1625.0,629.4,856.0,391.0,6.93,18.0,12.6,45.0,8240.0,6.93,26.0,13.8,64.0,15130.0,7.09,5.6,52.0,9.7,8.0,9.5,7.15,8.0,50.0,8.8,520.0,270.0,0.5,6.675,0.855,5240.0,3445.0,695.0,132.396676142576,6.605,0.56,7635.0,4635.0,895.0,117.266794309596
2023-03-10,1.8,15.17,16.97,794.624461509646,21.356,6.98,718.9,967.0,855.0,47.0,65.0,7.0,629.6,1030.0,880.0,,53000000.0,24000000.0,795.0,6.94,1740.0,629.6,960.0,407.0,6.81,19.0,14.6,64.0,7410.0,6.72,16.0,7.6,74.0,15820.0,7.26,8.5,74.0,9.0,4.5,10.1,7.01,7.4,50.0,9.0,620.0,130.0,0.5,6.86,0.83,5045.0,3395.0,715.0,142.206320810972,6.86,0.53,7930.0,4945.0,905.0,114.132370714331
2023-03-11,1.7,13.33,15.03,869.540063638993,17.285,6.94,599.1,1061.0,635.0,31.4,54.0,7.09,658.9,1015.0,800.0,,48000000.0,19000000.0,620.0,6.94,800.0,598.9,723.0,419.0,6.78,17.0,15.9,149.0,7770.0,6.79,18.0,15.9,132.0,15030.0,7.42,8.1,64.0,8.6,3.5,19.0,7.2,9.1,84.0,8.6,760.0,190.0,0.5,6.88,0.92,5125.0,3615.0,730.0,141.885553470919,6.835,0.515,7465.0,4945.0,945.0,127.036191753559
2023-03-12,2.2,10.7,12.9,709.844274473119,18.173,6.81,569.2,1052.0,705.0,58.2,69.0,7.14,719.1,1110.0,835.0,,51000000.0,23000000.0,765.0,7.0,885.0,479.1,531.0,369.0,6.79,15.0,13.1,55.0,8460.0,6.85,19.0,16.1,57.0,14990.0,7.39,6.4,26.0,8.0,5.5,23.5,7.0,8.7,118.0,10.8,0.0,0.0,0.5,6.81,0.82,5395.0,3845.0,755.0,139.684877854031,6.82,0.53,7615.0,5400.0,945.0,124.100613962472
2023-03-13,1.7,11.09,12.79,683.445548787004,18.714,7.17,539.2,1054.0,630.0,54.9,67.5,7.15,749.2,1073.0,835.0,,47000000.0,18000000.0,910.0,6.89,1770.0,509.2,1042.0,359.0,7.0,17.0,13.2,38.0,8830.0,6.96,12.0,10.2,67.0,16850.0,7.14,8.8,57.0,11.8,6.0,15.4,7.05,7.0,23.0,8.4,230.0,56.0,0.2,6.815,0.86,5210.0,3990.0,835.0,160.236736653556,6.835,0.525,7175.0,5010.0,955.0,133.166439821116
2023-03-14,2.0,11.86,13.86,604.580152671756,22.925,7.25,599.0,1102.0,635.0,48.7,46.5,7.04,569.2,1059.0,730.0,,49000000.0,21000000.0,760.0,7.0,1150.0,479.2,1057.0,353.0,7.0,11.0,10.2,45.0,9210.0,6.98,15.0,11.2,60.0,16130.0,7.66,9.2,55.0,11.4,5.5,10.9,7.0,9.4,69.0,11.2,440.0,80.0,0.5,6.745,0.92,5755.0,3990.0,890.0,154.769543688027,6.81,0.58,7165.0,4755.0,925.0,129.719807330827
2023-03-15,1.9,13.37,15.27,747.101130192279,20.439,7.33,630.0,1083.0,780.0,86.0,91.5,7.41,689.0,1098.0,790.0,,46000000.0,30000000.0,825.0,7.1,1110.0,539.0,1100.0,301.0,7.2,15.0,14.0,60.0,9490.0,7.18,22.0,16.0,60.0,10960.0,7.48,10.2,57.0,12.8,11.0,30.8,7.41,9.8,57.0,11.0,310.0,20.0,0.2,6.675,0.92,6360.0,3810.0,730.0,114.8227539123,6.77,0.575,7095.0,4490.0,825.0,116.257563898303
2023-03-16,1.7,13.46,15.16,818.662922561832,18.518,6.96,509.3,1017.0,670.0,29.7,83.5,7.24,660.0,1042.0,760.0,,53000000.0,26000000.0,660.0,7.18,690.0,480.0,1156.0,386.0,7.17,12.0,11.0,43.0,9580.0,7.14,11.0,11.0,57.0,11850.0,7.45,8.3,38.0,9.4,6.0,7.3,7.29,9.6,48.0,9.2,320.0,210.0,0.2,6.745,0.7,6410.0,3855.0,885.0,138.066023955595,6.86,0.985,7425.0,5353.0,925.0,124.591873752948
2023-03-17,2.2,13.48,15.68,816.5816060827,19.202,7.28,479.5,1105.0,755.0,24.6,51.5,7.24,569.3,1110.0,885.0,,41000000.0,32000000.0,870.0,7.05,1592.0,479.3,1134.0,373.0,7.1,15.0,13.3,38.0,11260.0,7.05,18.0,14.3,28.0,12530.0,7.22,9.7,50.0,12.6,6.5,24.6,7.05,7.7,40.0,9.2,340.0,90.0,0.2,6.795,0.865,7195.0,4285.0,940.0,130.740358286536,6.9,0.56,7725.0,4590.0,930.0,120.564716800947
2023-03-18,1.5,13.92,15.42,913.723631192226,16.876,7.21,509.1,931.0,580.0,62.2,44.0,7.2,539.5,1073.0,605.0,,53000000.0,49000000.0,530.0,7.11,1165.0,449.5,943.0,387.0,6.91,14.0,12.5,38.0,12700.0,6.88,12.0,11.5,72.0,12770.0,7.33,7.7,16.0,8.2,7.5,12.9,7.19,9.1,57.0,11.6,180.0,33.0,0.5,6.845,0.595,7090.0,4235.0,960.0,135.423796259451,6.805,0.74,7975.0,5040.0,950.0,119.147316330415
2023-03-19,1.6,13.71,15.31,858.472580464282,17.834,7.44,689.1,894.0,725.0,69.4,67.0,7.34,569.1,965.0,615.0,,21000000.0,14000000.0,560.0,7.16,880.0,539.1,907.0,372.0,7.06,20.0,14.7,57.0,10430.0,7.03,16.0,14.1,60.0,11470.0,7.33,7.0,40.0,9.4,6.5,15.7,7.33,6.6,38.0,7.8,380.0,0.0,0.5,6.88,0.645,7195.0,4425.0,850.0,118.17419658932,6.85,0.815,7990.0,5110.0,855.0,107.028894127968
2023-03-20,2.0,13.52,15.52,710.102489019034,21.856,7.08,509.0,652.0,520.0,51.0,39.5,7.47,509.1,643.0,515.0,,53000000.0,21000000.0,595.0,7.24,1025.0,569.1,1115.0,343.0,7.24,13.0,11.7,38.0,9450.0,6.82,16.0,10.5,48.0,11780.0,7.5,9.8,40.0,9.4,5.0,17.6,7.12,7.4,26.0,8.2,520.0,210.0,0.2,6.805,0.7,6695.0,4010.0,795.0,118.783242307418,6.88,0.74,7055.0,4315.0,810.0,114.857208298675
2023-03-21,2.4,11.66,14.06,601.780517034754,23.364,7.22,419.1,619.0,415.0,77.3,69.0,7.33,509.0,723.0,535.0,,29000000.0,1000000.0,460.0,7.08,1495.0,479.0,827.0,297.0,7.08,15.0,9.8,57.0,10060.0,,,,,11450.0,7.11,8.7,62.0,9.0,6.5,19.6,7.29,9.8,48.0,10.8,450.0,120.0,0.2,7.055,0.745,5825.0,3800.0,890.0,153.077456277549,6.795,0.775,6200.0,3405.0,745.0,120.358228216977
2023-03-22,1.5,12.89,14.39,625.190076899683,23.017,7.31,389.6,940.0,420.0,49.3,63.5,7.25,419.1,793.0,430.0,,54000000.0,27000000.0,515.0,7.11,975.0,389.1,824.0,339.0,6.89,15.0,9.9,86.0,10070.0,6.82,18.0,10.5,98.0,10540.0,7.23,7.4,23.0,9.8,6.0,9.8,7.08,8.1,69.0,9.4,670.0,320.0,0.2,7.02,0.795,5885.0,3795.0,925.0,157.189882189882,6.82,0.87,6055.0,3940.0,875.0,144.501222440034
2023-03-23,1.8,13.05,14.85,757.073668111139,19.615,7.2,539.2,902.0,665.0,65.5,48.0,7.17,599.6,885.0,620.0,,60000000.0,31000000.0,500.0,7.06,1065.0,389.6,972.0,338.0,6.92,13.0,10.4,35.0,10690.0,6.89,17.0,11.0,35.0,10410.0,7.21,11.2,23.0,14.0,10.1,4.5,7.16,7.4,28.0,8.4,640.0,300.0,0.2,6.985,0.79,6225.0,4140.0,945.0,152.352864920923,6.81,0.94,5465.0,3555.0,730.0,133.251809166443
2023-03-24,1.7,13.22,14.92,885.617617379949,16.847,7.11,449.5,897.0,570.0,65.5,71.5,7.09,479.2,986.0,565.0,,55000000.0,28000000.0,660.0,7.06,715.0,569.2,1136.0,374.0,6.97,14.0,12.2,33.0,10480.0,6.98,21.0,18.2,31.0,9810.0,7.18,9.7,19.0,13.2,9.0,12.9,7.1,10.6,23.0,12.6,520.0,260.0,0.2,6.965,0.715,6660.0,4670.0,925.0,139.010721247563,6.81,0.92,5735.0,3735.0,790.0,137.599665696699
2023-03-25,1.5,12.13,13.63,778.946165276031,17.498,7.0,539.4,744.0,670.0,48.7,82.0,7.04,569.5,998.0,635.0,,38000000.0,26000000.0,675.0,7.0,980.0,509.5,1036.0,303.0,6.95,13.0,11.5,23.0,8830.0,6.84,18.0,14.5,33.0,8860.0,7.09,11.4,28.0,12.4,11.0,16.8,7.09,9.1,23.0,13.2,460.0,180.0,0.2,6.86,0.675,6750.0,3820.0,925.0,137.627586206897,6.835,0.91,6045.0,3115.0,805.0,133.132183908046
2023-03-26,1.7,15.27,16.97,861.55252068843,19.697,6.9,479.5,965.0,500.0,73.9,51.5,7.14,599.4,1047.0,760.0,,22000000.0,12000000.0,675.0,6.94,1780.0,659.4,1078.0,283.0,6.82,13.0,11.4,48.0,9920.0,6.79,15.0,13.4,45.0,12510.0,7.25,13.3,40.0,17.6,8.0,9.8,,,,,380.0,60.0,0.5,6.81,0.65,7065.0,4445.0,930.0,132.455074838277,6.765,0.82,5845.0,3405.0,725.0,124.049432440185
2023-03-27,1.7,11.63,13.33,752.682100508187,17.71,6.9,479.7,756.0,525.0,44.8,40.5,7.27,509.5,972.0,690.0,,42000000.0,31000000.0,605.0,7.25,1050.0,569.5,1117.0,341.0,7.16,19.0,15.5,96.0,10960.0,6.71,20.0,13.5,101.0,9540.0,7.25,12.3,38.0,16.7,8.0,23.5,7.18,12.7,50.0,16.7,470.0,190.0,0.5,7.005,0.6,7135.0,4670.0,945.0,132.87037037037,6.75,0.805,5245.0,3560.0,785.0,149.745887534271
2023-03-28,0.4,14.22,14.62,936.81917211329,15.606,7.03,479.1,969.0,505.0,76.2,49.5,7.27,419.7,870.0,460.0,,51000000.0,19000000.0,410.0,7.25,1470.0,509.7,919.0,280.0,7.16,19.0,12.7,84.0,14760.0,6.71,15.0,13.7,96.0,7050.0,7.19,12.3,31.0,14.0,6.5,10.1,7.18,11.7,33.0,15.3,480.0,80.0,0.2,6.875,0.67,7295.0,4695.0,955.0,131.379928315412,6.785,0.78,4995.0,3389.0,680.0,135.741631018403
2023-03-29,1.9,13.34,15.24,737.621605924205,20.661,6.9,434.3,972.0,590.0,51.0,61.0,7.27,569.1,972.0,645.0,,53000000.0,23000000.0,555.0,7.17,1300.0,599.1,940.0,299.0,7.18,15.0,14.1,43.0,10430.0,6.71,20.0,17.1,52.0,9240.0,7.25,13.1,77.0,18.4,6.0,7.6,7.0,11.7,35.0,12.7,620.0,170.0,0.2,7.015,0.655,7140.0,4655.0,950.0,133.766233766234,6.79,0.745,4890.0,3360.0,650.0,132.727798087916
2023-03-30,1.7,14.34,16.04,799.322270394179,20.067,7.07,493.9,619.0,545.0,61.6,49.0,7.37,404.3,996.0,565.0,,40000000.0,16000000.0,435.0,7.08,620.0,359.3,957.0,337.0,7.24,19.0,13.7,60.0,10190.0,6.92,19.0,13.7,98.0,8870.0,7.16,10.3,60.0,12.0,5.5,15.7,,,,,590.0,210.0,0.2,7.02,0.7,6945.0,4530.0,935.0,135.265544311612,6.69,0.61,4755.0,3290.0,650.0,136.509707061854
2023-03-31,1.7,14.53,16.23,932.651419377083,17.402,7.27,509.1,965.0,535.0,66.1,57.5,7.18,508.9,793.0,635.0,,56000000.0,31000000.0,825.0,7.0,905.0,433.9,1036.0,329.0,7.0,16.0,12.7,57.0,9620.0,6.72,13.0,10.9,60.0,8870.0,7.22,13.5,48.0,14.8,8.0,14.8,6.9,10.9,57.0,12.0,670.0,320.0,0.2,6.62,0.66,6405.0,4680.0,935.0,147.1,6.71,0.69,4670.0,3870.0,655.0,140.1
2023-04-01,1.6,14.76,16.36,764.628902598616,21.396,7.05,419.6,649.0,445.0,58.2,45.5,7.1,479.1,919.0,490.0,,210000000.0,30000000.0,550.0,7.09,1105.0,689.1,977.0,421.0,7.01,18.0,15.1,74.0,10520.0,6.8,20.0,18.1,101.0,8780.0,7.25,18.2,51.0,31.6,7.5,18.2,6.98,12.9,52.0,14.3,720.0,360.0,0.2,6.87,0.655,6740.0,4365.0,950.0,141.293908020852,6.72,0.975,4515.0,3315.0,540.0,120.341614906832
2023-04-02,1.6,10.97,12.57,787.692693319965,15.958,7.38,568.9,669.0,645.0,67.2,40.5,7.27,599.6,759.0,655.0,,58000000.0,24000000.0,635.0,7.18,955.0,359.6,957.0,251.0,6.71,29.0,16.6,39.0,7490.0,6.14,21.0,14.6,36.0,7900.0,,,142.0,58.0,9.0,16.5,7.09,13.4,50.0,21.6,800.0,400.0,0.5,6.8,0.58,6825.0,3990.0,940.0,137.755627893394,6.755,0.9,4635.0,2705.0,415.0,89.8384074941452
2023-04-03,1.5,11.57,13.07,701.631951900365,18.628,7.03,389.6,744.0,460.0,69.4,56.0,7.46,418.9,907.0,430.0,,,,415.0,7.29,645.0,508.9,783.0,325.0,7.18,23.0,17.9,31.0,10430.0,7.2,17.0,14.9,43.0,6640.0,7.32,27.6,113.0,61.3,7.0,44.8,6.94,9.1,28.0,11.0,,,0.2,6.76,0.565,6800.0,4375.0,930.0,136.782914301162,6.74,0.93,4735.0,2670.0,360.0,75.7326007326007
2023-04-04,1.5,13.3,14.8,799.351876856603,18.515,7.17,329.7,759.0,405.0,64.4,58.5,7.24,419.6,962.0,555.0,,23000000.0,19000000.0,510.0,7.17,1595.0,509.6,858.0,334.0,6.81,18.0,16.6,48.0,10370.0,6.8,17.0,15.6,57.0,9400.0,7.19,20.7,74.0,32.7,6.5,17.6,7.21,21.6,60.0,26.0,520.0,90.0,0.2,6.85,0.66,6745.0,,950.0,141.102795509575,6.685,0.89,4675.0,,390.0,83.4683361249165
2023-04-05,1.1,14.41,15.51,820.417878868024,18.905,7.2,389.8,907.0,510.0,62.7,61.0,7.11,359.7,783.0,415.0,,51000000.0,20000000.0,,7.0,1735.0,389.7,907.0,304.0,6.74,22.0,17.7,52.0,9830.0,6.79,19.0,14.7,51.0,8170.0,6.9,17.8,96.0,37.0,8.0,15.4,,,,,,,0.2,6.7,0.66,6595.0,,930.0,141.028325066488,6.66,0.925,4275.0,,490.0,113.720531400966
2023-04-06,1.8,12.46,14.26,811.703096539162,17.568,7.33,509.3,979.0,625.0,63.8,54.0,7.44,419.8,977.0,625.0,,43000000.0,23000000.0,545.0,7.27,1300.0,479.8,1020.0,404.0,7.01,28.0,15.8,69.0,10200.0,6.6,17.0,14.8,74.0,7340.0,7.11,26.3,77.0,55.0,7.5,20.7,6.8,14.8,89.0,16.5,340.0,130.0,0.2,7.005,0.72,6735.0,4510.0,945.0,140.469091631882,6.665,0.86,4765.0,3220.0,360.0,75.6369146199655
2023-04-07,1.5,15.2,16.7,960.266804669082,17.391,7.13,449.2,755.0,560.0,59.9,40.0,7.14,479.3,754.0,550.0,,46000000.0,,625.0,7.11,1250.0,569.3,977.0,329.0,6.92,16.0,14.3,67.0,10940.0,6.89,18.0,16.3,52.0,7040.0,7.07,20.2,78.0,31.0,4.0,22.1,7.64,20.3,55.0,40.5,600.0,,0.5,6.805,0.585,6520.0,4105.0,945.0,144.943867804681,6.85,0.835,4910.0,3195.0,390.0,79.4618640371827
2023-04-08,1.1,14.25,15.35,790.829469345698,19.41,7.0,569.2,948.0,635.0,45.4,61.0,7.08,509.2,925.0,620.0,,39000000.0,,,7.04,660.0,419.2,731.0,312.0,6.88,19.0,15.2,68.0,9440.0,6.82,26.0,16.2,66.0,10020.0,6.9,28.2,89.0,40.0,3.5,12.6,7.02,17.2,72.0,22.5,360.0,,0.2,6.825,0.68,7120.0,3675.0,905.0,127.369793467203,6.795,0.83,4885.0,3620.0,480.0,98.301908987027
2023-04-09,1.0,15.4,16.4,1124.13462197546,14.589,7.06,359.6,982.0,405.0,52.6,50.5,7.28,479.2,1018.0,545.0,,28000000.0,,,7.01,715.0,539.2,790.0,284.0,6.9,19.0,16.2,60.0,9350.0,6.71,25.0,19.2,96.0,9060.0,7.1,30.6,78.0,48.0,4.5,9.5,6.71,15.2,55.0,17.0,420.0,,0.2,6.9,0.595,6240.0,3990.0,960.0,155.750555750556,6.735,0.655,5505.0,3760.0,875.0,159.178928488391
2023-04-10,1.1,15.38,16.48,949.691695960353,17.353,7.0,539.1,943.0,625.0,56.0,40.5,7.12,539.6,1023.0,735.0,,41000000.0,,335.0,7.08,500.0,419.6,747.0,302.0,6.93,18.0,15.6,64.0,9650.0,6.78,16.0,13.6,52.0,12030.0,7.25,25.1,74.0,37.0,8.5,33.6,7.06,17.6,68.0,20.0,530.0,,0.2,6.9,0.54,6570.0,4255.0,955.0,146.393557422969,6.785,0.435,5790.0,3850.0,875.0,151.086956521739
2023-04-11,1.1,16.11,17.21,873.648408548657,19.699,7.09,419.4,882.0,570.0,61.6,52.0,7.18,479.1,994.0,565.0,,54000000.0,,750.0,7.05,640.0,449.1,892.0,340.0,6.9,16.0,14.1,84.0,12060.0,6.76,15.0,12.1,89.0,9780.0,7.3,23.4,55.0,16.4,6.0,7.3,6.9,13.1,52.0,16.8,560.0,,0.5,7.13,0.455,5870.0,3735.0,950.0,161.866118696016,6.97,0.57,5815.0,4180.0,900.0,154.905788741976
2023-04-12,1.4,13.06,14.46,859.28214879962,16.828,7.27,509.4,982.0,620.0,82.9,84.0,7.21,479.4,943.0,585.0,,44000000.0,,475.0,7.06,620.0,389.4,749.0,312.0,6.83,17.0,15.4,79.0,11910.0,6.79,16.0,14.4,89.0,10670.0,7.19,18.4,69.0,24.0,4.0,28.3,7.06,15.4,69.0,31.0,200.0,,1.0,7.07,0.48,6580.0,4185.0,950.0,144.638807904114,6.905,0.555,5930.0,3985.0,910.0,153.640410968659
2023-04-13,1.3,12.99,14.29,796.277722055054,17.946,7.08,509.2,868.0,550.0,68.9,55.5,7.19,479.4,948.0,590.0,,37000000.0,,,7.05,675.0,449.4,731.0,315.0,6.81,15.0,13.4,66.0,10030.0,6.94,17.0,14.4,68.0,12060.0,7.29,20.2,55.0,24.0,7.0,6.2,7.0,12.4,66.0,13.2,380.0,,0.5,6.945,0.48,6325.0,3920.0,945.0,150.39008465667,6.85,0.495,6115.0,3275.0,970.0,159.216421518593
2023-04-14,1.3,12.95,14.25,848.113319842876,16.802,7.23,629.2,834.0,655.0,53.8,83.0,,,,,,28000000.0,,,,,,,214.0,,,,,,,,,,,7.28,19.2,60.0,24.0,6.5,9.5,,,,,440.0,,,,,,,,,,,,,,
2023-04-15,1.4,13.88,15.28,926.229011335394,16.497,6.93,749.2,1032.0,836.0,64.4,60.5,7.01,509.2,989.0,580.0,,48000000.0,,535.0,7.03,945.0,599.2,848.0,247.0,6.8,19.0,15.2,67.0,11190.0,6.91,18.0,13.2,96.0,11960.0,7.11,21.2,62.0,27.5,7.0,9.8,7.06,18.2,48.0,21.6,510.0,,0.2,6.995,0.51,6860.0,3815.0,965.0,141.020669081611,6.89,0.445,6045.0,3430.0,925.0,153.154017343258
2023-04-16,1.3,13.43,14.73,1004.63783931251,14.662,7.2,449.4,940.0,505.0,67.2,43.0,7.22,629.2,972.0,635.0,,32000000.0,,250.0,6.91,3155.0,839.2,894.0,269.0,7.05,20.0,15.2,74.0,11450.0,6.89,14.0,12.2,86.0,12560.0,7.01,13.4,91.0,19.0,7.0,11.8,6.91,15.2,55.0,19.0,540.0,,0.5,6.805,0.32,7710.0,4920.0,960.0,124.958426539484,6.825,0.515,6715.0,4400.0,935.0,139.487128229049
2023-04-17,1.4,14.06,15.46,923.591612402175,16.739,7.23,479.1,887.0,535.0,53.8,61.5,7.18,479.4,1027.0,595.0,,39000000.0,,530.0,7.0,1400.0,629.4,960.0,313.0,6.94,17.0,13.4,96.0,11350.0,6.84,19.0,14.4,106.0,12430.0,7.2,18.1,43.0,23.5,5.5,18.2,6.94,10.4,84.0,13.0,360.0,,0.2,6.87,0.395,7860.0,5050.0,965.0,123.091008259311,6.875,0.4,6930.0,4510.0,965.0,139.339276787202
2023-04-18,1.4,12.01,13.41,695.79204067867,19.273,7.23,539.7,887.0,605.0,52.6,78.5,7.08,539.1,1006.0,650.0,,26000000.0,,1000.0,7.03,1415.0,569.1,1027.0,354.0,6.96,29.0,18.1,67.0,11370.0,6.83,18.0,14.1,62.0,14780.0,7.3,14.7,40.0,18.5,6.0,9.8,7.09,16.1,38.0,21.0,290.0,,0.1,6.975,0.44,7600.0,5000.0,960.0,126.58425504229,6.87,0.54,6555.0,4400.0,750.0,113.605854386128
2023-04-19,1.6,13.71,15.31,853.305094192398,17.942,7.18,449.3,907.0,560.0,61.6,54.0,7.15,509.7,894.0,550.0,,30000000.0,,,7.06,615.0,479.7,723.0,330.0,6.99,20.0,15.7,50.0,11120.0,7.01,15.0,13.7,64.0,15470.0,7.24,8.3,69.0,9.5,2.5,17.9,7.18,11.7,35.0,13.5,520.0,,0.1,6.98,0.44,7555.0,4730.0,950.0,126.019816591125,6.93,0.545,6945.0,4245.0,770.0,110.101522209801
2023-04-20,1.5,13.48,14.98,850.411581038887,17.615,6.98,389.1,754.0,400.0,59.4,67.5,7.22,419.3,962.0,575.0,,33000000.0,,,7.04,785.0,494.3,727.0,324.0,6.96,18.0,16.3,84.0,12160.0,6.94,19.0,15.3,77.0,14060.0,7.53,13.1,28.0,15.0,6.0,12.3,7.08,10.3,72.0,12.0,590.0,,0.2,6.895,0.445,7290.0,4065.0,965.0,133.309445809446,6.925,0.55,6930.0,3765.0,870.0,125.637998138326
2023-04-21,1.2,9.89,11.09,694.035922147819,15.979,7.11,523.9,886.0,540.0,78.4,72.0,6.86,464.1,887.0,490.0,,29000000.0,,410.0,6.86,1350.0,509.1,914.0,328.0,7.21,17.0,14.1,52.0,12940.0,7.24,20.0,17.1,55.0,14770.0,7.21,12.9,76.0,20.0,7.5,25.2,7.38,10.1,45.0,11.0,310.0,,0.2,6.925,0.495,7995.0,4970.0,970.0,122.21741983519,6.89,0.55,7460.0,3825.0,945.0,126.880315108048
2023-04-22,2.1,8.11,10.21,576.868749646873,17.699,7.21,569.2,965.0,695.0,65.0,76.0,7.04,493.9,984.0,560.0,,40000000.0,,,6.96,735.0,523.9,893.0,305.0,7.0,17.0,14.9,77.0,13290.0,7.06,16.0,14.9,84.0,14900.0,7.26,14.2,50.0,15.0,5.5,12.9,7.18,9.9,64.0,16.0,620.0,,0.5,6.865,0.455,7900.0,4185.0,965.0,122.163461538462,6.96,0.46,7420.0,3735.0,950.0,128.212686974561
2023-04-23,1.9,10.21,12.11,775.486680327869,15.616,6.86,479.0,894.0,525.0,66.1,72.0,7.16,404.2,827.0,475.0,,200000000.0,,695.0,7.02,1385.0,599.2,943.0,340.0,7.08,17.0,14.2,64.0,11660.0,7.02,,15.2,,14210.0,7.21,21.0,52.0,27.5,4.5,23.2,7.11,12.2,48.0,13.0,710.0,,0.2,6.97,0.44,8055.0,5190.0,960.0,119.769902019398,6.895,0.62,7395.0,4900.0,940.0,127.259799633234
2023-04-24,1.9,11.07,12.97,766.548463356974,16.92,7.13,359.8,599.0,465.0,47.0,55.0,7.2,359.0,747.0,375.0,,39000000.0,,490.0,6.86,740.0,494.0,730.0,366.0,6.94,24.0,18.0,77.0,11960.0,,,18.0,,15440.0,,,,,,,,,,,,,,6.905,0.385,7660.0,5365.0,965.0,126.273206489701,6.85,0.665,6295.0,4400.0,900.0,143.018205691488
2023-04-25,1.5,11.6,13.1,724.517449256125,18.081,7.23,449.1,948.0,650.0,56.6,54.5,7.21,314.8,899.0,370.0,,41000000.0,,580.0,7.0,915.0,494.8,945.0,289.0,6.79,17.0,13.0,31.0,13110.0,,,,,10000.0,,,,,,,,,,,,,,6.795,0.385,7035.0,3415.0,955.0,136.573659806394,6.775,0.86,5180.0,2570.0,795.0,153.838225207363
2023-04-26,1.5,14.29,15.79,857.406602953953,18.416,7.04,404.6,858.0,550.0,58.2,77.5,7.15,419.1,914.0,520.0,,200000000.0,,605.0,7.01,1115.0,554.1,1081.0,294.0,6.73,17.0,14.7,40.0,11040.0,,285.0,,,10660.0,,,,,,,,,,,,,,6.8,0.485,7570.0,4465.0,940.0,124.714759538564,6.825,0.71,5220.0,3382.5,730.0,139.767818277245
2023-04-27,1.5,13.03,14.53,747.889643813053,19.428,7.01,344.7,900.0,375.0,72.2,62.0,7.11,449.6,1037.0,655.0,,300000000.0,,1865.0,6.99,200.0,194.6,452.0,164.0,6.79,14.0,12.8,19.0,11170.0,,156.0,,,9500.0,,,,,,,,,,,,,,6.81,0.465,7510.0,4920.0,935.0,125.189009509834,6.73,0.91,3475.0,1940.0,280.0,81.6241708653536
2023-04-28,1.4,13.39,14.79,744.300739771527,19.871,7.1,374.4,933.0,440.0,56.6,62.5,6.88,374.7,940.0,410.0,,44000000.0,,,6.86,1370.0,449.7,658.0,518.0,6.8,20.0,14.7,33.0,9910.0,,108.0,,,10880.0,,,,,,,,,,,,,,6.735,0.52,7820.0,4235.0,955.0,122.121925693354,6.745,0.855,4005.0,2175.0,335.0,83.6700336700337
2023-04-29,1.9,10.95,12.85,776.153660304421,16.556,6.98,479.0,,595.0,61.6,,7.06,404.4,894.0,515.0,,60000000.0,,555.0,6.93,290.0,269.4,972.0,164.0,6.89,20.0,15.6,64.0,11270.0,6.76,580.0,,,12920.0,,,,,,,,,,,,,,6.8,0.48,7475.0,4610.0,935.0,125.23100385754,6.785,0.725,5090.0,3305.0,485.0,95.4362934362934
2023-04-30,1.5,12.75,14.25,774.035850081477,18.41,7.18,494.3,,530.0,54.9,53.5,6.91,449.0,,515.0,,57000000.0,,565.0,6.9,1260.0,494.0,,156.0,6.81,19.0,15.2,,10080.0,6.76,598.0,,,12330.0,,,,,,,,,,,,,,6.675,0.505,7355.0,3665.0,960.0,130.524961456982,6.725,0.66,5040.0,3035.0,775.0,153.716076553894
2023-05-01,1.2,14.64,15.84,709.9636950383219,22.311,6.94,269.0,601.0,280.0,30.2,46.0,7.06,419.3,896.0,420.0,,51000000.0,,510.0,7.0,1515.0,509.3,853.0,135.0,6.89,24.0,15.5,60.0,11340.0,6.91,488.0,125.3,369.0,8570.0,,,,,,,,,,,,,,6.865,0.555,7695.0,4255.0,965.0,125.926667322614,6.875,0.64,4710.0,2595.0,550.0,116.765913711419
2023-05-02,1.5,13.87,15.37,838.1959971642035,18.337,6.94,359.4,772.0,385.0,16.8,49.0,6.89,374.0,745.0,375.0,9.45,7000000.0,,335.0,6.74,1065.0,464.0,840.0,228.0,6.77,11.0,10.4,62.0,11070.0,6.8,420.0,92.1,501.0,8670.0,,,,,,,,,,,,,,6.74,0.475,6765.0,,930.0,138.082600399184,6.645,0.58,4215.0,,530.0,128.191331028324
2023-05-03,1.1,14.22,15.32,882.3360018429995,17.363,6.88,389.3,800.0,420.0,21.3,42.0,7.17,404.4,843.0,415.0,10.57,43000000.0,,385.0,7.04,1060.0,464.4,784.0,273.0,6.78,18.0,13.8,74.0,10180.0,6.6,218.0,62.4,277.0,8930.0,,,,,,,,,,,,,,6.515,0.455,7170.0,4260.0,945.0,131.935247651247,6.69,0.635,3890.0,2095.0,475.0,123.739837398374
2023-05-04,1.5,13.34,14.84,800.6906226394734,18.534,7.05,329.1,765.0,365.0,35.8,74.0,6.87,404.3,998.0,450.0,10.62,29000000.0,,,6.84,1040.0,449.3,945.0,372.0,6.86,12.0,11.3,62.0,9990.0,6.7,68.0,28.3,88.0,8000.0,,,,,,,,,,,,,,6.685,0.59,7580.0,4827.5,955.0,126.32335049216,6.57,0.575,4680.0,3080.0,605.0,127.121394788092
2023-05-05,1.3,14.96,16.26,913.8938848920864,17.792,7.1,269.3,794.0,350.0,22.4,45.0,7.14,299.1,684.0,330.0,9.37,36000000.0,,340.0,7.0,500.0,374.1,804.0,266.0,6.88,20.0,15.3,72.0,10870.0,6.8,50.0,32.1,94.0,8390.0,,,,,,,,,,,,,,6.59,0.42,7070.0,4500.0,945.0,134.761746353363,6.745,0.595,4830.0,2905.0,565.0,115.092407764317
2023-05-06,1.1,14.92,16.02,908.8846022920685,17.626,7.0,374.6,775.0,400.0,63.8,61.0,7.25,299.3,797.0,365.0,10.49,56000000.0,,,7.21,435.0,329.3,674.0,321.0,6.72,20.0,13.1,79.0,10620.0,6.84,30.0,23.3,82.0,10230.0,,,,,,,,,,,,,,6.925,0.485,7050.0,4090.0,950.0,135.547014929904,6.34,0.59,4555.0,2620.0,365.0,81.2521348753233
2023-05-07,1.3,14.99,16.29,899.254761247585,18.115,7.01,404.3,733.0,420.0,52.1,65.5,7.11,344.6,799.0,370.0,8.97,48000000.0,,480.0,7.02,390.0,269.6,682.0,380.0,6.63,54.0,21.8,72.0,10750.0,6.3,32.0,20.6,65.0,10530.0,,,,,,,,,,,,,,6.855,0.45,7635.0,4405.0,945.0,123.851872199427,6.41,0.62,5105.0,3665.0,475.0,92.848525366161
2023-05-08,1.1,15.16,16.26,873.5829796378877,18.613,7.19,359.4,684.0,355.0,65.0,57.5,7.21,509.3,828.0,515.0,7.83,300000000.0,,485.0,7.16,1235.0,569.3,782.0,341.0,7.1,30.0,16.1,70.0,10260.0,6.76,34.0,25.3,77.0,9520.0,,,,,,,,,,,,,,6.945,0.465,7015.0,4870.0,935.0,134.09882852007,6.655,0.7,4080.0,3275.0,525.0,125.821496714013
2023-05-09,1.6,13.95,15.549999999999999,876.2538036740674,17.746,7.06,479.3,866.0,515.0,53.8,73.5,7.13,494.4,775.0,555.0,6.328,49000000.0,,645.0,7.11,1455.0,749.4,811.0,338.0,6.96,34.0,24.6,75.0,11540.0,6.77,73.0,21.4,89.0,9020.0,,,,,,,7.14,20.4,72.0,42.0,,,,6.945,0.505,7010.0,4340.0,940.0,134.375286928311,6.735,0.9,4640.0,3025.0,690.0,148.497183962527
2023-05-10,1.2,13.97,15.17,840.6760875588805,18.045,7.24,359.1,965.0,375.0,56.0,63.0,7.2,494.3,874.0,530.0,7.306,5000000.0,,595.0,7.13,965.0,449.3,800.0,317.0,7.01,17.0,15.5,66.0,10770.0,6.76,40.0,17.9,72.0,9510.0,7.2,11.1,62.0,15.5,4.5,17.9,7.15,11.7,60.0,29.0,900.0,,,6.935,0.6,7050.0,4315.0,955.0,136.122032911024,6.72,0.96,5135.0,3535.0,815.0,158.819691532702
2023-05-11,1.0,14.54,15.54,991.1346386886919,15.679,7.1,509.1,1116.0,605.0,68.3,74.5,7.17,419.1,1105.0,430.0,10.522,8000000.0,,585.0,7.11,1410.0,419.1,1023.0,375.0,6.92,27.0,15.9,59.0,10410.0,6.88,46.0,18.9,77.0,11780.0,7.2,13.0,62.0,27.5,8.0,10.1,7.13,10.7,57.0,27.0,1000.0,,0.2,6.915,0.59,7380.0,,945.0,128.761523341977,6.695,0.935,5100.0,,750.0,147.221122010683
2023-05-12,1.4,15.02,16.419999999999998,1082.827749934054,15.164,7.04,419.1,992.0,455.0,66.1,53.5,7.16,614.1,1229.0,630.0,9.95,40000000.0,20000000.0,650.0,7.11,440.0,164.1,648.0,290.0,7.15,15.0,14.7,49.0,10840.0,7.06,54.0,18.9,123.0,10240.0,7.26,14.9,51.0,24.0,7.0,17.1,7.16,9.2,80.0,22.5,520.0,200.0,0.6,6.93,0.6,7355.0,5510.0,955.0,130.050869671457,6.79,0.785,6605.0,5295.0,890.0,136.193010877112
2023-05-13,1.2,13.62,14.819999999999999,980.8074123097285,15.11,7.15,419.3,1080.0,440.0,57.1,69.5,7.12,389.1,1090.0,410.0,5.992,61000000.0,31000000.0,575.0,7.08,720.0,449.1,1149.0,292.0,7.03,21.0,17.7,59.0,10650.0,6.96,35.0,19.5,75.0,10740.0,7.3,14.3,50.0,18.0,5.5,9.2,7.1,13.4,46.0,22.0,610.0,400.0,0.5,6.91,0.62,7050.0,4740.0,910.0,129.573698062595,6.87,0.795,5755.0,4085.0,715.0,124.22620018239
2023-05-14,1.6,13.45,15.049999999999999,1088.292718200882,13.829,7.22,523.9,1656.0,765.0,78.4,71.5,7.2,614.3,1233.0,860.0,,51000000.0,28000000.0,720.0,7.06,1440.0,524.3,1100.0,330.0,7.11,21.0,18.5,60.0,10440.0,7.02,18.0,16.7,70.0,10590.0,7.11,12.8,85.0,21.0,8.5,16.8,7.16,12.8,50.0,16.5,800.0,500.0,0.2,6.92,0.555,7125.0,4893.0,920.0,129.415834733617,6.805,0.69,6105.0,4034.5,795.0,130.240027045301
2023-05-15,1.4,10.02,11.42,1588.9801029636844,10.27,6.98,224.1,828.0,235.0,51.0,66.5,7.04,328.9,890.0,340.0,5.25,70000000.0,46000000.0,,7.0,450.0,328.9,519.0,360.0,6.94,10.0,9.7,95.0,9130.0,6.73,15.0,14.5,87.0,6790.0,7.09,10.4,62.0,26.0,8.5,9.2,7.04,12.0,85.0,18.0,420.0,200.0,0.6,6.89,0.575,7250.0,,945.0,130.566209575852,6.73,0.615,6400.0,,810.0,126.660415689952
2023-05-16,1.2,7.42,8.62,615.6703092636241,7.187,7.21,374.3,1234.0,415.0,67.2,54.0,7.01,344.1,987.0,360.0,5.998,400000000.0,30000000.0,,6.89,115.0,284.1,884.0,386.0,6.82,10.0,9.3,75.0,10070.0,6.67,20.0,17.1,85.0,4830.0,7.39,16.2,64.0,44.5,8.5,9.2,6.96,8.1,57.0,16.0,720.0,380.0,0.2,6.785,0.7,7585.0,4280.5,950.0,125.330033290315,6.675,0.515,6735.0,3060.0,830.0,123.231431409337
2023-05-17,1.2,12.22,13.42,958.5029640739948,14.001,7.2,374.1,1090.0,470.0,35.8,53.5,7.23,314.3,843.0,355.0,8.492,9000000.0,5000000.0,,7.16,1225.0,449.3,1347.0,272.0,7.04,12.0,10.1,62.0,9880.0,6.73,19.0,14.9,59.0,10710.0,7.23,17.5,75.0,22.5,5.5,9.5,7.14,10.6,62.0,13.5,560.0,300.0,0.5,7.0,0.395,7130.0,4960.0,940.0,133.482428115016,6.91,0.665,6385.0,3915.0,790.0,124.136321195145
2023-05-18,1.4,14.75,16.15,1019.1846522781773,15.846,6.69,494.6,1033.0,545.0,51.5,34.0,7.17,434.1,1136.0,500.0,10.559,77000000.0,30000000.0,,7.14,555.0,404.1,674.0,279.0,6.91,10.0,9.3,82.0,10130.0,7.02,47.0,20.1,77.0,12040.0,7.14,18.0,75.0,36.0,7.5,14.3,7.14,13.0,82.0,17.5,500.0,300.0,0.5,6.78,0.63,6935.0,4145.0,960.0,139.108631605341,6.795,0.71,5985.0,3415.0,880.0,147.032959056622
2023-05-19,1.2,14.65,15.85,879.6270603252124,18.019,7.12,359.6,1090.0,430.0,42.6,46.5,7.36,389.6,992.0,445.0,7.082,30000000.0,4000000.0,1460.0,7.23,1545.0,569.6,1352.0,287.0,6.87,19.0,17.6,62.0,10260.0,6.6,79.0,26.0,87.0,12190.0,7.36,15.7,68.0,20.5,4.5,12.3,6.87,13.9,62.0,16.5,600.0,210.0,0.2,6.735,0.36,6425.0,3930.0,905.0,141.486013048965,6.53,0.905,5770.0,3580.0,720.0,125.075401134033
2023-05-20,0.9,14.05,14.950000000000001,836.2700676847347,17.877,7.09,374.3,918.0,425.0,56.6,37.5,7.22,419.6,1033.0,500.0,4.438,54000000.0,38000000.0,,7.19,1080.0,539.6,1337.0,353.0,6.74,22.0,18.8,81.0,9640.0,6.67,17.0,15.8,78.0,10990.0,7.19,16.9,48.0,26.0,5.0,7.0,7.14,15.7,66.0,27.0,480.0,180.0,0.2,6.72,0.755,6640.0,3985.0,890.0,134.706439393939,6.69,0.425,5995.0,3735.0,695.0,115.833296228683
2023-05-21,1.6,13.64,15.24,1058.774489370571,14.394,6.96,479.1,818.0,415.0,62.7,63.0,6.94,359.3,983.0,430.0,5.805,30000000.0,4600000.0,,6.92,175.0,224.3,625.0,393.0,6.92,13.0,12.5,64.0,11180.0,6.84,36.0,22.1,81.0,10240.0,7.13,13.7,62.0,25.5,6.0,14.6,7.11,15.8,56.0,22.5,620.0,120.0,0.2,6.67,0.375,6485.0,3455.0,910.0,82.0635382489079,6.675,0.515,5705.0,2650.0,570.0,100.668638688605
2023-05-22,1.0,13.76,14.76,919.2252600112101,16.057,6.87,374.0,1111.0,395.0,34.7,78.0,7.14,389.1,1049.0,485.0,8.374,45000000.0,31000000.0,,7.04,865.0,449.1,1075.0,325.0,6.94,18.0,16.2,59.0,10440.0,6.91,21.0,18.0,85.0,9940.0,7.21,12.5,98.0,21.0,5.5,10.1,6.98,11.0,51.0,20.0,630.0,210.0,0.2,6.71,0.475,6395.0,3790.0,4430.0,129.977569341167,6.365,0.635,5750.0,3135.0,575.0,99.756094608662
2023-05-23,1.1,14.43,15.53,941.0410228443313,16.503,7.26,463.9,1158.0,495.0,48.2,53.5,7.06,494.0,1105.0,550.0,5.431,36000000.0,29000000.0,,6.96,1370.0,494.0,1090.0,351.0,6.94,20.0,18.8,82.0,9940.0,6.67,200.0,71.0,211.0,8990.0,7.19,19.3,96.0,47.5,6.5,15.4,7.01,14.0,111.0,26.5,540.0,180.0,0.5,6.695,0.555,6290.0,4050.0,945.0,150.237589728036,6.635,0.58,5350.0,3685.0,660.0,122.408963585434
2023-05-24,1.3,14.13,15.430000000000001,911.884640387684,16.921,6.89,449.1,987.0,460.0,78.4,40.5,7.13,508.9,1263.0,585.0,6.745,29000000.0,61000000.0,630.0,7.06,1615.0,554.2,1315.0,312.0,6.81,11.0,10.3,49.0,10770.0,6.76,107.0,31.9,136.0,8750.0,7.07,19.5,90.0,40.5,4.5,22.4,7.03,16.9,62.0,24.5,650.0,300.0,0.2,6.775,0.54,6375.0,3405.0,940.0,147.448422150914,6.635,0.605,5640.0,3095.0,655.0,115.423153636011
2023-05-25,1.2,13.56,14.76,913.5359286996348,16.157,7.0,554.3,1204.0,650.0,58.8,73.0,6.99,509.1,1198.0,685.0,7.109,47000000.0,32000000.0,535.0,7.23,1920.0,464.4,1476.0,388.0,6.96,18.0,14.7,62.0,10920.0,6.87,36.0,17.7,87.0,8960.0,7.11,21.5,60.0,28.0,5.0,15.7,6.87,17.7,54.0,22.5,570.0,230.0,0.5,7.17,0.48,6470.0,3650.0,925.0,143.223842624142,6.87,0.64,5735.0,3125.0,640.0,111.012352292997
2023-05-26,0.9,15.2,16.099999999999998,986.2174578866768,16.325,7.24,404.1,941.0,460.0,51.5,55.5,7.04,539.3,1067.0,595.0,5.48,38000000.0,20000000.0,665.0,6.99,1180.0,629.3,1269.0,338.0,6.94,18.0,16.7,56.0,11600.0,6.88,32.0,21.5,62.0,11020.0,7.29,19.5,57.0,24.5,6.0,12.0,6.89,20.3,60.0,25.5,490.0,190.0,0.2,7.055,0.455,6675.0,4010.0,935.0,141.101551001925,6.825,0.495,5945.0,3060.0,775.0,130.213972306114
2023-05-27,1.4,11.49,12.89,760.0684002594493,16.959,7.01,433.9,1039.0,470.0,73.4,42.0,7.11,479.1,1054.0,510.0,5.042,43000000.0,31000000.0,580.0,7.05,980.0,494.1,1039.0,340.0,6.91,16.0,14.7,49.0,9630.0,6.8,29.0,18.3,69.0,10300.0,7.09,20.5,66.0,33.5,4.5,28.0,7.02,19.5,54.0,22.0,540.0,140.0,0.2,6.97,0.49,6430.0,3655.0,925.0,144.614054948934,6.88,0.635,5770.0,3080.0,735.0,127.741585233442
2023-05-28,1.7,13.29,14.989999999999998,867.2259184263811,17.285,7.21,388.9,1081.0,400.0,55.4,74.5,7.43,373.9,1098.0,380.0,6.75,50000000.0,4000000.0,325.0,7.33,640.0,403.9,1011.0,412.0,6.87,44.0,20.5,64.0,10510.0,,,,,8830.0,7.21,18.1,80.0,44.5,8.0,16.0,,,,,600.0,200.0,,6.615,0.395,7140.0,4065.0,825.0,115.85155549424,6.575,0.67,5550.0,3260.0,465.0,82.8174994766903
2023-05-29,1.3,11.52,12.82,735.3025523372527,17.435,6.87,,1260.0,585.0,57.7,54.5,7.11,433.9,1104.0,440.0,10.6,40000000.0,3000000.0,495.0,7.1,860.0,373.9,1062.0,391.0,6.72,24.0,15.1,81.0,10270.0,6.84,28.0,16.3,94.0,4280.0,7.13,,62.0,24.0,7.0,21.3,7.04,16.3,88.0,29.0,620.0,250.0,0.5,6.755,0.37,7420.0,3645.0,930.0,125.838788385347,6.62,0.695,5500.0,2900.0,460.0,85.2924268554658
2023-05-30,1.1,9.93,11.03,663.3389463555449,16.628,6.92,,1198.0,335.0,47.0,43.5,6.87,,1304.0,665.0,8.49,50000000.0,22000000.0,530.0,7.0,815.0,,956.0,377.0,6.9,21.0,,50.0,9560.0,6.8,30.0,,58.0,1600.0,7.21,,54.0,37.5,10.0,10.1,6.97,,58.0,19.0,500.0,200.0,0.2,6.88,0.535,6780.0,3655.0,800.0,117.539247024426,6.83,0.785,5445.0,2690.0,570.0,104.474100542811
2023-05-31,1.3,10.55,11.850000000000001,585.0118483412323,20.256,7.16,,1044.0,485.0,69.4,30.5,6.73,,1157.0,405.0,6.254,60000000.0,2000000.0,485.0,6.87,945.0,,1249.0,420.0,6.92,16.0,,41.0,9370.0,6.94,15.0,,46.0,10770.0,,,,,,,6.98,,85.0,38.5,610.0,150.0,0.2,6.845,0.355,6185.0,4035.0,945.0,152.791212008721,6.885,0.99,4475.0,3190.0,775.0,173.669183169574
2023-06-01,1.0,9.99,10.99,661.888701517707,16.604,7.18,344.6,914.0,375.0,67.8,58.0,7.21,389.1,1038.0,405.0,5.21,46000000.0,21000000.0,365.0,7.11,1135.0,554.1,1164.0,405.0,7.21,17.0,15.3,58.0,10550.0,7.19,29.0,16.5,66.0,5070.0,7.29,18.2,58.0,22.5,4.5,10.6,7.4,13.5,81.0,15.5,480.0,90.0,0.1,6.795,0.545,6100.0,4410.0,920.0,150.900894846769,6.595,0.375,4570.0,2730.0,795.0,174.471192119285
2023-06-02,1.8,7.79,9.59,521.649260226284,18.384,7.08,419.3,1063.0,455.0,80.6,75.5,7.09,374.6,968.0,475.0,11.14,32000000.0,19000000.0,505.0,7.1,765.0,479.6,1124.0,393.0,7.04,14.0,12.2,50.0,9570.0,7.09,15.0,13.4,48.0,9980.0,7.3,19.1,58.0,24.0,8.0,28.0,7.36,11.6,52.0,12.0,550.0,170.0,0.2,6.81,0.295,7005.0,4100.0,945.0,135.530647469037,6.685,0.24,5610.0,3525.0,800.0,142.781783013891
2023-06-03,1.1,10.19,11.29,553.106016068979,20.412,7.0,419.5,1158.0,460.0,57.1,76.5,6.98,464.3,1102.0,565.0,8.204,50000000.0,21000000.0,520.0,6.97,1030.0,539.3,1145.0,348.0,7.04,19.0,16.7,79.0,9740.0,7.0,20.0,17.3,77.0,10860.0,7.75,15.1,42.0,15.5,5.5,13.7,7.11,14.9,66.0,18.0,590.0,120.0,0.2,6.825,0.685,6475.0,4410.0,940.0,145.549190761957,6.755,0.285,6035.0,4040.0,900.0,149.406069213028
2023-06-04,1.5,9.56,11.06,646.330060776064,17.112,7.44,418.9,1112.0,445.0,78.4,69.0,7.21,494.5,1204.0,530.0,5.228,49000000.0,36000000.0,545.0,7.13,895.0,524.5,1170.0,338.0,7.4,13.0,12.7,34.0,10860.0,7.38,27.0,19.3,40.0,9820.0,7.78,12.1,68.0,16.0,8.0,12.3,7.48,16.9,36.0,18.5,510.0,160.0,0.2,6.82,0.56,6310.0,2905.0,935.0,148.845983973752,6.68,0.35,6100.0,3125.0,880.0,144.397751195786
2023-06-05,1.1,10.17,11.27,646.549251333831,17.431,7.35,418.9,1064.0,430.0,57.7,60.5,7.4,508.9,1204.0,670.0,7.36,56000000.0,27000000.0,725.0,7.38,1745.0,418.9,1266.0,365.0,7.56,17.0,15.1,60.0,10080.0,7.62,33.0,19.3,64.0,9470.0,7.6,9.4,98.0,22.0,4.5,14.3,7.75,12.7,68.0,19.8,590.0,210.0,0.5,7.37,0.295,6250.0,3795.0,890.0,143.834995818976,7.39,0.265,5870.0,3760.0,820.0,139.994420680677
2023-06-06,1.5,10.95,12.45,694.832012501395,17.918,6.92,374.4,1002.0,480.0,69.4,76.0,7.2,313.9,1157.0,345.0,6.202,32000000.0,16000000.0,830.0,7.19,830.0,493.9,1028.0,386.0,7.25,11.0,9.1,62.0,9880.0,7.12,25.0,15.7,111.0,8370.0,6.88,12.2,90.0,17.3,7.5,18.2,7.17,9.4,87.0,18.0,630.0,200.0,0.2,7.115,0.67,6185.0,3910.0,910.0,148.098398651496,7.085,0.305,7410.0,4800.0,895.0,121.169890979539
2023-06-07,1.2,10.9,12.1,720.323848077152,16.798,7.2,449.6,1080.0,490.0,47.0,70.0,6.87,419.4,1036.0,540.0,9.026,41000000.0,38000000.0,860.0,6.84,705.0,524.4,985.0,348.0,6.82,17.0,15.6,72.0,10150.0,6.78,21.0,19.2,98.0,11620.0,7.16,13.1,57.0,19.0,9.5,16.0,6.83,13.2,84.0,19.4,610.0,180.0,0.2,6.855,0.325,6815.0,4200.0,915.0,134.649054548284,6.695,0.175,7160.0,4810.0,940.0,131.316914817243
2023-06-08,1.6,9.72,11.32,662.375658279696,17.09,7.02,524.1,823.0,595.0,72.8,62.0,7.06,509.6,1204.0,610.0,10.38,51000000.0,20000000.0,450.0,6.98,700.0,599.6,1136.0,345.0,6.85,15.0,14.0,52.0,10130.0,6.8,54.0,21.2,121.0,12160.0,7.14,14.9,59.0,21.3,6.5,19.6,7.02,15.7,58.0,21.7,600.0,250.0,0.2,6.845,0.445,6420.0,4255.0,945.0,147.328422264484,6.77,0.165,7400.0,5100.0,940.0,127.038043478261
2023-06-09,1.2,12.5,13.7,756.864261643003,18.101,7.15,254.4,814.0,290.0,53.2,52.0,6.94,599.1,951.0,675.0,11.2,30000000.0,19000000.0,,6.88,1100.0,629.1,977.0,884.0,6.84,46.0,19.5,62.0,11410.0,6.68,50.0,22.5,149.0,13250.0,7.24,12.9,42.0,15.3,7.0,18.5,6.88,16.0,64.0,31.0,480.0,200.0,0.2,6.785,0.15,6780.0,4660.0,950.0,140.281726966696,6.705,0.225,7495.0,5085.0,930.0,124.083667111704
2023-06-10,1.5,10.51,12.01,731.781623202535,16.412,7.21,434.2,1088.0,485.0,58.2,40.5,7.06,509.4,1030.0,560.0,7.01,20000000.0,3000000.0,,6.98,660.0,584.4,864.0,273.0,6.81,16.0,15.0,48.0,11260.0,6.7,29.0,23.4,104.0,12020.0,7.11,14.2,66.0,24.3,4.5,12.9,6.96,11.4,36.0,13.0,500.0,200.0,0.2,6.795,0.195,7125.0,3895.0,955.0,134.351719452366,6.715,0.27,7925.0,4105.0,950.0,120.151696606786
2023-06-11,0.9,6.41,7.31,675.288683602771,10.825,6.98,614.5,1304.0,740.0,58.2,95.0,6.94,509.2,1123.0,525.0,7.202,35000000.0,26000000.0,320.0,6.92,355.0,329.2,984.0,159.0,6.71,23.0,19.6,68.0,13670.0,6.68,42.0,24.4,84.0,15450.0,7.14,13.8,48.0,22.0,9.0,18.5,6.84,13.1,52.0,23.0,490.0,120.0,0.5,6.745,0.16,7545.0,,950.0,126.412222625896,6.7,0.21,8075.0,,950.0,117.936979676222
2023-06-12,2.0,8.53,10.53,802.530294947031,13.121,6.94,254.5,865.0,285.0,54.9,40.5,7.04,269.5,954.0,300.0,6.308,32000000.0,21000000.0,385.0,7.01,980.0,644.5,1021.0,259.0,6.77,13.0,12.1,62.0,10720.0,6.79,32.0,23.5,81.0,13130.0,7.16,11.9,44.0,15.7,6.5,15.7,6.89,11.9,50.0,14.7,560.0,180.0,0.2,6.75,0.195,7950.0,5105.0,960.0,120.970977558791,6.705,0.43,7870.0,5168.0,955.0,121.510394432155
2023-06-13,0.5,8.05,8.55,720.667565745111,11.864,7.16,299.1,896.0,315.0,65.5,40.0,7.01,224.5,944.0,295.0,7.964,29000000.0,17000000.0,,,,,,240.0,,,,,,,,,,,7.34,9.6,32.0,14.3,8.5,19.9,7.03,10.8,48.0,13.7,420.0,130.0,0.2,,,,,,,,,,,,
2023-06-14,2.2,6.53,8.73,634.724443798168,13.754,7.09,284.0,802.0,230.0,67.8,57.5,7.24,254.1,824.0,270.0,8.768,36000000.0,20000000.0,210.0,7.21,675.0,329.1,798.0,374.0,7.05,17.0,12.3,40.0,10000.0,7.12,14.0,12.9,34.0,14380.0,7.19,8.0,40.0,13.0,7.5,11.5,7.29,9.2,36.0,13.0,400.0,150.0,0.2,6.935,0.885,7640.0,4770.0,945.0,124.406994704325,6.915,0.8,6685.0,4355.0,965.0,145.636637966083
2023-06-15,0.9,10.07,10.97,610.29207232267,15.188,7.02,179.1,654.0,185.0,63.3,51.5,7.03,284.0,864.0,260.0,9.532,23000000.0,16000000.0,170.0,7.0,755.0,374.0,910.0,405.0,6.93,12.0,10.4,54.0,10710.0,6.86,13.0,11.6,60.0,13120.0,7.26,10.4,34.0,11.3,4.5,21.8,6.83,8.0,40.0,11.3,430.0,190.0,0.2,6.765,1.075,7215.0,4505.0,935.0,130.230240669285,6.7,2.045,6435.0,3715.0,930.0,145.470205249482
2023-06-16,0.9,12.9,13.8,764.754779717373,17.975,7.12,239.4,769.0,295.0,63.8,54.5,7.11,299.1,880.0,310.0,6.028,39000000.0,26000000.0,200.0,7.01,1855.0,494.1,1124.0,528.0,6.96,11.0,10.5,40.0,10420.0,7.01,13.0,11.7,36.0,12110.0,7.3,12.2,32.0,12.7,6.0,21.0,7.19,8.5,32.0,9.0,500.0,180.0,0.2,6.9,0.845,6475.0,3950.0,940.0,146.388587937884,6.805,0.98,6430.0,3585.0,925.0,143.899371069182
2023-06-17,0.6,10.64,11.24,622.887226378498,18.045,,329.5,832.0,355.0,47.0,66.0,7.09,284.4,814.0,305.0,7.09,41000000.0,30000000.0,250.0,7.1,970.0,464.4,1002.0,183.0,7.1,13.0,12.0,50.0,10010.0,7.03,18.0,15.6,46.0,11820.0,,9.6,40.0,10.7,6.5,14.0,7.19,9.9,36.0,11.7,530.0,160.0,0.2,6.88,0.7,6395.0,,940.0,147.695836655936,6.815,0.75,6205.0,,910.0,146.696018078392
2023-06-18,0.8,12.99,13.79,761.541859951403,18.108,,284.1,822.0,310.0,52.6,32.0,,284.5,844.0,300.0,8.476,32000000.0,27000000.0,315.0,,1330.0,509.5,1048.0,417.0,,15.0,13.9,50.0,11370.0,,14.0,13.3,54.0,15560.0,,8.5,45.0,12.7,6.0,12.9,,10.4,44.0,12.2,410.0,80.0,0.2,,0.565,8090.0,5170.0,965.0,119.603245753166,,0.48,8265.0,5200.0,955.0,115.546716713317
2023-06-19,0.8,12.51,13.31,804.035278482542,16.554,6.94,314.0,840.0,320.0,48.7,20.0,,269.1,814.0,285.0,8.374,50000000.0,30000000.0,265.0,,1440.0,449.1,964.0,393.0,,18.0,11.7,50.0,11830.0,,14.0,11.7,60.0,14250.0,7.11,9.5,50.0,17.7,4.0,16.2,,7.7,48.0,11.0,620.0,200.0,0.2,,0.5,7400.0,4945.0,970.0,131.658348602987,,0.545,6930.0,4630.0,950.0,137.498564133624
2023-06-20,1.0,12.38,13.38,807.532138330618,16.569,6.88,313.9,782.0,315.0,52.6,72.5,6.81,269.0,780.0,280.0,6.408,49000000.0,4000000.0,,,,,,374.0,6.65,19.0,11.0,54.0,,6.82,14.0,11.6,62.0,15230.0,6.95,6.8,52.0,13.7,6.0,13.4,6.9,7.3,50.0,11.8,600.0,250.0,0.2,6.82,0.4,7505.0,4715.0,955.0,127.395136659235,6.665,0.39,7080.0,4030.0,950.0,134.230680899078
2023-06-21,1.3,11.77,13.07,736.545505776275,17.745,7.02,,940.0,390.0,63.8,59.5,7.04,328.9,796.0,360.0,7.109,35000000.0,8000000.0,310.0,7.01,970.0,328.9,840.0,302.0,6.84,15.0,12.1,50.0,9990.0,6.82,16.0,11.5,56.0,11390.0,7.24,,48.0,14.7,8.0,17.1,6.92,6.4,46.0,10.4,510.0,210.0,0.2,6.78,0.53,7395.0,4055.0,940.0,127.110848582161,6.62,0.495,6625.0,3180.0,910.0,137.414500683995
2023-06-22,1.0,11.43,12.43,672.655446723308,18.479,7.11,,1021.0,580.0,33.0,72.5,7.19,,926.0,330.0,8.114,44000000.0,20000000.0,,7.04,620.0,,836.0,353.0,7.02,20.0,,50.0,12100.0,6.96,16.0,,48.0,11330.0,6.94,,38.0,14.7,8.0,11.5,7.11,,46.0,11.0,480.0,80.0,0.6,6.875,0.51,7925.0,4730.0,945.0,119.255477381813,6.84,0.655,6745.0,4115.0,890.0,133.292652189486
2023-06-23,1.0,14.42,15.42,824.422583404619,18.704,7.1,,1031.0,520.0,62.7,41.0,6.94,,988.0,478.0,7.002,50000000.0,3000000.0,345.0,6.9,1555.0,,912.0,356.0,6.82,11.0,,52.0,13150.0,6.73,21.0,,57.0,13480.0,7.18,,50.0,11.3,4.0,20.2,6.83,,48.0,11.8,610.0,200.0,0.5,6.795,0.4,7020.0,3640.0,930.0,133.270676691729,6.68,0.685,6875.0,3550.0,950.0,138.880612896361
2023-06-24,1.2,11.93,13.13,634.636763497511,20.689,6.94,,710.0,335.0,45.4,19.5,7.19,,1023.0,480.0,9.501,45000000.0,25000000.0,465.0,7.14,1015.0,,1019.0,409.0,6.82,22.0,,62.0,12200.0,6.86,17.0,,59.0,14230.0,7.5,,31.0,9.7,3.0,12.0,6.94,,48.0,11.2,710.0,280.0,0.2,6.76,0.32,7270.0,3875.0,935.0,128.860408098253,6.795,0.46,6870.0,3850.0,955.0,139.37526561836
2023-06-25,0.0,15.23,15.23,791.703488069865,19.237,7.19,,788.0,240.0,52.6,38.0,6.96,,740.0,290.0,8.214,50000000.0,3000000.0,275.0,6.86,755.0,,915.0,337.0,6.87,11.0,,57.0,11420.0,6.73,8.0,,46.0,14900.0,7.28,,38.0,13.3,7.5,14.0,6.99,,26.0,11.8,600.0,300.0,0.1,6.695,0.185,7095.0,3190.0,915.0,129.306566143596,6.64,0.325,6730.0,3120.0,830.0,123.297356414534
2023-06-26,0.0,17.17,17.17,850.968925013629,20.177,,,,,,,7.25,,844.0,365.0,,,,,7.32,700.0,,944.0,351.0,7.09,20.0,,61.0,11230.0,6.99,14.0,,56.0,15320.0,,,,,,,7.33,,44.0,8.2,,,0.2,6.785,0.205,7435.0,3855.0,880.0,118.776796744423,6.765,0.335,6815.0,3345.0,730.0,107.239766384122
2023-06-27,0.0,17.13,17.13,851.645619966193,20.114,,,,,,,,,,,,,,,,,,,,,,,,,,,,,,,,,,,,,,,,,,,,,,,,,,,,,,
2023-06-28,0.0,15.13,15.13,912.875588270785,16.574,,,,,,,,,,,,,,,,,,,,,,,,,,,,,,,,,,,,,,,,,,,,,,,,,,,,,,
2023-06-29,0.0,16.11,16.11,871.517446578307,18.485,,,,,,,,,,,,,,,,,,,,,,,,,,,,,,,,,,,,,,,,,,,,,,,,,,,,,,
2023-06-30,,,0.0,,,,,,,,,,,,,,,,,,,,,,,,,,,,,,,,,,,,,,,,,,,,,,,,,,,,,,,,
